[2026-03-30 09:23:53] [INFO] 正在获取所有素材...
[2026-03-30 09:23:57] [INFO] 总共 308 个素材
[2026-03-30 09:26:53] [INFO] 正在获取所有素材...
[2026-03-30 09:26:56] [INFO] 总共 308 个素材
[2026-03-30 09:31:20] [INFO] 正在获取所有素材...
[2026-03-30 09:31:24] [INFO] 总共 308 个素材
[2026-03-30 09:36:05] [INFO] 正在获取所有素材...
[2026-03-30 09:36:11] [INFO] 总共 308 个素材
[2026-03-30 09:37:10] [INFO] 正在获取所有素材...
[2026-03-30 09:37:15] [INFO] 总共 308 个素材
[2026-03-30 09:46:26] [INFO] 正在获取所有素材...
[2026-03-30 09:46:28] [INFO] 正在获取所有素材...
[2026-03-30 09:46:30] [INFO] 总共 308 个素材
[2026-03-30 09:46:32] [INFO] 总共 308 个素材
[2026-03-30 09:47:27] [ERROR] API 调用失败 (mn): HTTPSConnectionPool(host='open.bigmodel.cn', port=443): Read timed out. (read timeout=30)
[2026-03-30 10:16:47] [INFO] 正在获取所有素材...
[2026-03-30 10:16:52] [INFO] 总共 308 个素材
[2026-03-30 10:48:49] [ERROR] API 调用失败 (id): ('Connection aborted.', ConnectionResetError(54, 'Connection reset by peer'))
[2026-03-30 10:48:54] [ERROR] API 调用失败 (ko): ('Connection aborted.', ConnectionResetError(54, 'Connection reset by peer'))
[2026-03-30 10:49:00] [ERROR] API 调用失败 (pt): ('Connection aborted.', ConnectionResetError(54, 'Connection reset by peer'))
[2026-03-30 10:49:05] [ERROR] API 调用失败 (th): ('Connection aborted.', ConnectionResetError(54, 'Connection reset by peer'))
[2026-03-30 10:49:11] [ERROR] API 调用失败 (uk): ('Connection aborted.', ConnectionResetError(54, 'Connection reset by peer'))
[2026-03-30 10:49:16] [ERROR] API 调用失败 (bn): ('Connection aborted.', ConnectionResetError(54, 'Connection reset by peer'))
[2026-03-30 10:49:22] [ERROR] API 调用失败 (mn): ('Connection aborted.', ConnectionResetError(54, 'Connection reset by peer'))
[2026-03-30 10:49:27] [ERROR] API 调用失败 (hi): ('Connection aborted.', ConnectionResetError(54, 'Connection reset by peer'))
[2026-03-30 10:49:33] [ERROR] API 调用失败 (ar): ('Connection aborted.', ConnectionResetError(54, 'Connection reset by peer'))
[2026-03-30 10:49:38] [ERROR] API 调用失败 (de): ('Connection aborted.', ConnectionResetError(54, 'Connection reset by peer'))
[2026-03-30 10:49:44] [ERROR] API 调用失败 (es): ('Connection aborted.', ConnectionResetError(54, 'Connection reset by peer'))
[2026-03-30 10:49:49] [ERROR] API 调用失败 (ja): ('Connection aborted.', ConnectionResetError(54, 'Connection reset by peer'))
[2026-03-30 10:50:05] [ERROR] API 调用失败 (ms): ('Connection aborted.', ConnectionResetError(54, 'Connection reset by peer'))
[2026-03-30 10:50:10] [ERROR] API 调用失败 (ru): ('Connection aborted.', ConnectionResetError(54, 'Connection reset by peer'))
[2026-03-30 10:50:16] [ERROR] API 调用失败 (tr): ('Connection aborted.', ConnectionResetError(54, 'Connection reset by peer'))
[2026-03-30 10:50:21] [ERROR] API 调用失败 (el): ('Connection aborted.', ConnectionResetError(54, 'Connection reset by peer'))
[2026-03-30 10:50:27] [ERROR] API 调用失败 (id): ('Connection aborted.', ConnectionResetError(54, 'Connection reset by peer'))
[2026-03-30 10:50:32] [ERROR] API 调用失败 (ko): ('Connection aborted.', ConnectionResetError(54, 'Connection reset by peer'))
[2026-03-30 10:50:48] [ERROR] API 调用失败 (pt): ('Connection aborted.', ConnectionResetError(54, 'Connection reset by peer'))
[2026-03-30 10:50:53] [ERROR] API 调用失败 (th): ('Connection aborted.', ConnectionResetError(54, 'Connection reset by peer'))
[2026-03-30 10:50:59] [ERROR] API 调用失败 (uk): ('Connection aborted.', ConnectionResetError(54, 'Connection reset by peer'))
[2026-03-30 10:51:04] [ERROR] API 调用失败 (bn): ('Connection aborted.', ConnectionResetError(54, 'Connection reset by peer'))
[2026-03-30 10:51:10] [ERROR] API 调用失败 (mn): ('Connection aborted.', ConnectionResetError(54, 'Connection reset by peer'))
[2026-03-30 10:51:15] [ERROR] API 调用失败 (hi): ('Connection aborted.', ConnectionResetError(54, 'Connection reset by peer'))
[2026-03-30 10:51:21] [ERROR] API 调用失败 (ar): ('Connection aborted.', ConnectionResetError(54, 'Connection reset by peer'))
[2026-03-30 10:51:26] [ERROR] API 调用失败 (de): ('Connection aborted.', ConnectionResetError(54, 'Connection reset by peer'))
[2026-03-30 10:51:42] [ERROR] API 调用失败 (es): ('Connection aborted.', ConnectionResetError(54, 'Connection reset by peer'))
[2026-03-30 10:51:47] [ERROR] API 调用失败 (ja): ('Connection aborted.', ConnectionResetError(54, 'Connection reset by peer'))
[2026-03-30 10:51:53] [ERROR] API 调用失败 (ms): ('Connection aborted.', ConnectionResetError(54, 'Connection reset by peer'))
[2026-03-30 10:51:58] [ERROR] API 调用失败 (ru): ('Connection aborted.', ConnectionResetError(54, 'Connection reset by peer'))
[2026-03-30 10:52:04] [ERROR] API 调用失败 (tr): ('Connection aborted.', ConnectionResetError(54, 'Connection reset by peer'))
[2026-03-30 10:52:09] [ERROR] API 调用失败 (el): ('Connection aborted.', ConnectionResetError(54, 'Connection reset by peer'))
[2026-03-30 10:52:15] [ERROR] API 调用失败 (id): ('Connection aborted.', ConnectionResetError(54, 'Connection reset by peer'))
[2026-03-30 10:52:20] [ERROR] API 调用失败 (ko): ('Connection aborted.', ConnectionResetError(54, 'Connection reset by peer'))
[2026-03-30 10:52:26] [ERROR] API 调用失败 (pt): ('Connection aborted.', ConnectionResetError(54, 'Connection reset by peer'))
[2026-03-30 10:53:06] [ERROR] API 调用失败 (th): HTTPSConnectionPool(host='open.bigmodel.cn', port=443): Read timed out. (read timeout=30)
[2026-03-30 11:21:38] [INFO] 正在获取所有素材...
[2026-03-30 11:21:44] [INFO] 总共 308 个素材
[2026-03-30 11:22:38] [WARN] API 超时，1秒后重试 (el)
[2026-03-30 11:23:21] [WARN] API 超时，1秒后重试 (th)
[2026-03-30 11:23:32] [WARN] API 超时，2秒后重试 (th)
[2026-03-30 11:23:44] [ERROR] API 超时，已重试 3 次 (th)
[2026-03-30 11:23:44] [WARN] 翻译失败: th，使用原文 (cam-17-academic-listening-test-4-part-2 句子1)
[2026-03-30 11:24:04] [WARN] API 超时，1秒后重试 (bn)
[2026-03-30 11:24:15] [WARN] API 超时，2秒后重试 (bn)
[2026-03-30 11:24:27] [ERROR] API 超时，已重试 3 次 (bn)
[2026-03-30 11:24:27] [WARN] 翻译失败: bn，使用原文 (cam-17-academic-listening-test-4-part-2 句子1)
[2026-03-30 11:24:38] [WARN] API 超时，1秒后重试 (mn)
[2026-03-30 11:24:49] [WARN] API 超时，2秒后重试 (mn)
[2026-03-30 11:25:01] [ERROR] API 超时，已重试 3 次 (mn)
[2026-03-30 11:25:01] [WARN] 翻译失败: mn，使用原文 (cam-17-academic-listening-test-4-part-2 句子1)
[2026-03-30 11:25:53] [WARN] API 超时，1秒后重试 (el)
[2026-03-30 11:26:29] [WARN] API 超时，1秒后重试 (th)
[2026-03-30 11:26:55] [WARN] API 超时，1秒后重试 (bn)
[2026-03-30 11:27:07] [WARN] API 超时，2秒后重试 (bn)
[2026-03-30 11:27:19] [ERROR] API 超时，已重试 3 次 (bn)
[2026-03-30 11:27:19] [WARN] 翻译失败: bn，使用原文 (cam-17-academic-listening-test-4-part-2 句子2)
[2026-03-30 11:27:29] [WARN] API 超时，1秒后重试 (mn)
[2026-03-30 11:27:40] [WARN] API 超时，2秒后重试 (mn)
[2026-03-30 11:27:52] [ERROR] API 超时，已重试 3 次 (mn)
[2026-03-30 11:27:52] [WARN] 翻译失败: mn，使用原文 (cam-17-academic-listening-test-4-part-2 句子2)
[2026-03-30 11:28:58] [WARN] API 超时，1秒后重试 (bn)
[2026-03-30 11:29:09] [WARN] API 超时，2秒后重试 (bn)
[2026-03-30 11:29:21] [ERROR] API 超时，已重试 3 次 (bn)
[2026-03-30 11:29:21] [WARN] 翻译失败: bn，使用原文 (cam-17-academic-listening-test-4-part-2 句子3)
[2026-03-30 11:29:34] [WARN] API 超时，1秒后重试 (hi)
[2026-03-30 11:30:23] [WARN] API 超时，1秒后重试 (hi)
[2026-03-30 11:31:12] [WARN] API 超时，1秒后重试 (th)
[2026-03-30 11:31:23] [WARN] API 超时，2秒后重试 (th)
[2026-03-30 11:31:35] [ERROR] API 超时，已重试 3 次 (th)
[2026-03-30 11:31:35] [WARN] 翻译失败: th，使用原文 (cam-17-academic-listening-test-4-part-2 句子5)
[2026-03-30 11:31:56] [INFO]   进度: 5/43
[2026-03-30 11:33:19] [WARN] API 超时，1秒后重试 (bn)
[2026-03-30 11:33:30] [WARN] API 超时，2秒后重试 (bn)
[2026-03-30 11:33:43] [ERROR] API 超时，已重试 3 次 (bn)
[2026-03-30 11:33:43] [WARN] 翻译失败: bn，使用原文 (cam-17-academic-listening-test-4-part-2 句子6)
[2026-03-30 11:33:58] [WARN] API 超时，1秒后重试 (hi)
[2026-03-30 11:34:09] [WARN] API 超时，2秒后重试 (hi)
[2026-03-30 11:34:21] [ERROR] API 超时，已重试 3 次 (hi)
[2026-03-30 11:34:21] [WARN] 翻译失败: hi，使用原文 (cam-17-academic-listening-test-4-part-2 句子6)
[2026-03-30 11:35:20] [WARN] API 超时，1秒后重试 (bn)
[2026-03-30 11:35:31] [WARN] API 超时，2秒后重试 (bn)
[2026-03-30 11:35:43] [ERROR] API 超时，已重试 3 次 (bn)
[2026-03-30 11:35:43] [WARN] 翻译失败: bn，使用原文 (cam-17-academic-listening-test-4-part-2 句子7)
[2026-03-30 11:37:54] [INFO] 正在获取所有素材...
[2026-03-30 11:38:00] [INFO] 总共 308 个素材
[2026-03-30 11:38:57] [WARN] API 超时，1秒后重试 (el)
[2026-03-30 11:39:08] [WARN] API 超时，2秒后重试 (el)
[2026-03-30 11:39:37] [WARN] API 超时，1秒后重试 (ko)
[2026-03-30 11:40:03] [WARN] API 超时，1秒后重试 (th)
[2026-03-30 11:40:14] [WARN] API 超时，2秒后重试 (th)
[2026-03-30 11:40:26] [ERROR] API 超时，已重试 3 次 (th)
[2026-03-30 11:40:26] [ERROR] 翻译失败: th，标记为 TODO_RETRY (cam-17-academic-listening-test-4-part-2 句子1)
[2026-03-30 11:40:44] [WARN] API 超时，1秒后重试 (bn)
[2026-03-30 11:40:55] [WARN] API 超时，2秒后重试 (bn)
[2026-03-30 11:41:07] [ERROR] API 超时，已重试 3 次 (bn)
[2026-03-30 11:41:07] [ERROR] 翻译失败: bn，标记为 TODO_RETRY (cam-17-academic-listening-test-4-part-2 句子1)
[2026-03-30 11:41:17] [WARN] API 超时，1秒后重试 (mn)
[2026-03-30 11:41:28] [WARN] API 超时，2秒后重试 (mn)
[2026-03-30 11:41:50] [WARN] API 超时，1秒后重试 (hi)
[2026-03-30 11:42:01] [WARN] API 超时，2秒后重试 (hi)
[2026-03-30 11:42:13] [ERROR] API 超时，已重试 3 次 (hi)
[2026-03-30 11:42:13] [ERROR] 翻译失败: hi，标记为 TODO_RETRY (cam-17-academic-listening-test-4-part-2 句子1)
[2026-03-30 11:43:26] [WARN] API 超时，1秒后重试 (th)
[2026-03-30 11:43:37] [WARN] API 超时，2秒后重试 (th)
[2026-03-30 11:43:50] [ERROR] API 超时，已重试 3 次 (th)
[2026-03-30 11:43:50] [ERROR] 翻译失败: th，标记为 TODO_RETRY (cam-17-academic-listening-test-4-part-2 句子2)
[2026-03-30 11:44:07] [WARN] API 超时，1秒后重试 (bn)
[2026-03-30 11:44:18] [WARN] API 超时，2秒后重试 (bn)
[2026-03-30 11:44:30] [ERROR] API 超时，已重试 3 次 (bn)
[2026-03-30 11:44:30] [ERROR] 翻译失败: bn，标记为 TODO_RETRY (cam-17-academic-listening-test-4-part-2 句子2)
[2026-03-30 11:45:30] [WARN] API 超时，1秒后重试 (th)
[2026-03-30 11:45:48] [WARN] API 超时，1秒后重试 (bn)
[2026-03-30 11:45:59] [WARN] API 超时，2秒后重试 (bn)
[2026-03-30 11:46:23] [WARN] API 超时，1秒后重试 (hi)
[2026-03-30 11:46:34] [WARN] API 超时，2秒后重试 (hi)
[2026-03-30 11:46:46] [ERROR] API 超时，已重试 3 次 (hi)
[2026-03-30 11:46:46] [ERROR] 翻译失败: hi，标记为 TODO_RETRY (cam-17-academic-listening-test-4-part-2 句子3)
[2026-03-30 11:48:02] [WARN] API 超时，1秒后重试 (bn)
[2026-03-30 11:48:13] [WARN] API 超时，2秒后重试 (bn)
[2026-03-30 11:48:25] [ERROR] API 超时，已重试 3 次 (bn)
[2026-03-30 11:48:25] [ERROR] 翻译失败: bn，标记为 TODO_RETRY (cam-17-academic-listening-test-4-part-2 句子5)
[2026-03-30 11:48:35] [WARN] API 超时，1秒后重试 (mn)
[2026-03-30 11:48:47] [WARN] API 超时，2秒后重试 (mn)
[2026-03-30 11:49:01] [INFO]   进度: 5/43
[2026-03-30 11:52:09] [INFO] 正在获取所有素材...
[2026-03-30 11:52:15] [INFO] 总共 308 个素材
[2026-03-30 11:52:15] [INFO]   🔄 开始翻译 Group A (8 种语言)...
[2026-03-30 11:53:58] [INFO]   进度: 5/43, 成功: 40, 失败: 0
[2026-03-30 11:55:13] [INFO]   进度: 10/43, 成功: 80, 失败: 0
[2026-03-30 11:56:27] [INFO]   进度: 15/43, 成功: 120, 失败: 0
[2026-03-30 11:57:38] [INFO]   进度: 20/43, 成功: 160, 失败: 0
[2026-03-30 11:59:00] [INFO]   进度: 25/43, 成功: 200, 失败: 0
[2026-03-30 12:00:01] [INFO]   进度: 30/43, 成功: 240, 失败: 0
[2026-03-30 12:01:21] [INFO]   进度: 35/43, 成功: 280, 失败: 0
[2026-03-30 12:02:36] [INFO]   进度: 40/43, 成功: 320, 失败: 0
[2026-03-30 12:03:12] [INFO]   ✅ Group A 完成: 成功 344, 失败 0，已保存
[2026-03-30 12:03:12] [INFO]   ⏸️ 冷却 5 秒（缓解 API Rate Limit）...
[2026-03-30 12:03:17] [INFO]   🔄 开始翻译 Group B (8 种语言)...
[2026-03-30 12:05:37] [INFO]   进度: 5/43, 成功: 40, 失败: 0
[2026-03-30 12:07:51] [INFO]   进度: 10/43, 成功: 80, 失败: 0
[2026-03-30 12:09:51] [INFO]   进度: 15/43, 成功: 120, 失败: 0
[2026-03-30 12:12:33] [INFO]   进度: 20/43, 成功: 160, 失败: 0
[2026-03-30 12:15:54] [INFO]   进度: 25/43, 成功: 200, 失败: 0
[2026-03-30 12:17:35] [INFO]   进度: 30/43, 成功: 240, 失败: 0
[2026-03-30 12:19:59] [INFO]   进度: 35/43, 成功: 280, 失败: 0
[2026-03-30 12:22:48] [INFO]   进度: 40/43, 成功: 320, 失败: 0
[2026-03-30 12:24:11] [INFO]   ✅ Group B 完成: 成功 344, 失败 0，已保存
[2026-03-30 12:24:13] [INFO]   🔄 开始翻译 Group A (8 种语言)...
[2026-03-30 12:25:07] [INFO]   进度: 5/59, 成功: 40, 失败: 0
[2026-03-30 12:26:15] [INFO]   进度: 10/59, 成功: 80, 失败: 0
[2026-03-30 12:27:15] [INFO]   进度: 15/59, 成功: 120, 失败: 0
[2026-03-30 12:28:01] [INFO]   进度: 20/59, 成功: 160, 失败: 0
[2026-03-30 12:29:06] [INFO]   进度: 25/59, 成功: 200, 失败: 0
[2026-03-30 12:30:18] [INFO]   进度: 30/59, 成功: 240, 失败: 0
[2026-03-30 12:31:24] [INFO]   进度: 35/59, 成功: 280, 失败: 0
[2026-03-30 12:32:27] [INFO]   进度: 40/59, 成功: 320, 失败: 0
[2026-03-30 12:33:33] [INFO]   进度: 45/59, 成功: 360, 失败: 0
[2026-03-30 12:34:37] [INFO]   进度: 50/59, 成功: 400, 失败: 0
[2026-03-30 12:35:40] [INFO]   进度: 55/59, 成功: 440, 失败: 0
[2026-03-30 12:36:41] [INFO]   ✅ Group A 完成: 成功 472, 失败 0，已保存
[2026-03-30 12:36:41] [INFO]   ⏸️ 冷却 5 秒（缓解 API Rate Limit）...
[2026-03-30 12:36:46] [INFO]   🔄 开始翻译 Group B (8 种语言)...
[2026-03-30 12:38:25] [INFO]   进度: 5/59, 成功: 40, 失败: 0
[2026-03-30 12:40:09] [INFO]   进度: 10/59, 成功: 80, 失败: 0
[2026-03-30 12:41:44] [INFO]   进度: 15/59, 成功: 120, 失败: 0
[2026-03-30 12:43:18] [INFO]   进度: 20/59, 成功: 160, 失败: 0
[2026-03-30 12:45:38] [INFO]   进度: 25/59, 成功: 200, 失败: 0
[2026-03-30 12:47:36] [INFO]   进度: 30/59, 成功: 240, 失败: 0
[2026-03-30 12:49:22] [INFO]   进度: 35/59, 成功: 280, 失败: 0
[2026-03-30 12:51:49] [INFO]   进度: 40/59, 成功: 320, 失败: 0
[2026-03-30 12:53:40] [INFO]   进度: 45/59, 成功: 360, 失败: 0
[2026-03-30 12:56:00] [INFO]   进度: 50/59, 成功: 400, 失败: 0
[2026-03-30 12:57:42] [INFO]   进度: 55/59, 成功: 440, 失败: 0
[2026-03-30 12:59:24] [INFO]   ✅ Group B 完成: 成功 472, 失败 0，已保存
[2026-03-30 12:59:25] [INFO]   🔄 开始翻译 Group A (8 种语言)...
[2026-03-30 13:00:04] [INFO]   进度: 5/23, 成功: 40, 失败: 0
[2026-03-30 13:00:42] [INFO]   进度: 10/23, 成功: 80, 失败: 0
[2026-03-30 13:01:25] [INFO]   进度: 15/23, 成功: 120, 失败: 0
[2026-03-30 13:02:02] [INFO]   进度: 20/23, 成功: 160, 失败: 0
[2026-03-30 13:02:28] [INFO]   ✅ Group A 完成: 成功 184, 失败 0，已保存
[2026-03-30 13:02:28] [INFO]   ⏸️ 冷却 5 秒（缓解 API Rate Limit）...
[2026-03-30 13:02:33] [INFO]   🔄 开始翻译 Group B (8 种语言)...
[2026-03-30 13:03:36] [INFO]   进度: 5/23, 成功: 40, 失败: 0
[2026-03-30 13:04:35] [INFO]   进度: 10/23, 成功: 80, 失败: 0
[2026-03-30 13:06:08] [INFO]   进度: 15/23, 成功: 120, 失败: 0
[2026-03-30 13:07:14] [INFO]   进度: 20/23, 成功: 160, 失败: 0
[2026-03-30 13:08:03] [INFO]   ✅ Group B 完成: 成功 184, 失败 0，已保存
[2026-03-30 13:08:07] [INFO]   🔄 开始翻译 Group A (8 种语言)...
[2026-03-30 13:09:05] [INFO]   进度: 5/29, 成功: 40, 失败: 0
[2026-03-30 13:10:12] [INFO]   进度: 10/29, 成功: 80, 失败: 0
[2026-03-30 13:11:29] [INFO]   进度: 15/29, 成功: 120, 失败: 0
[2026-03-30 13:12:41] [INFO]   进度: 20/29, 成功: 160, 失败: 0
[2026-03-30 13:13:48] [INFO]   进度: 25/29, 成功: 200, 失败: 0
[2026-03-30 13:14:52] [INFO]   ✅ Group A 完成: 成功 232, 失败 0，已保存
[2026-03-30 13:14:52] [INFO]   ⏸️ 冷却 5 秒（缓解 API Rate Limit）...
[2026-03-30 13:14:57] [INFO]   🔄 开始翻译 Group B (8 种语言)...
[2026-03-30 13:16:35] [INFO]   进度: 5/29, 成功: 40, 失败: 0
[2026-03-30 13:18:47] [INFO]   进度: 10/29, 成功: 80, 失败: 0
[2026-03-30 13:21:11] [INFO]   进度: 15/29, 成功: 120, 失败: 0
[2026-03-30 13:23:21] [INFO]   进度: 20/29, 成功: 160, 失败: 0
[2026-03-30 13:25:14] [INFO]   进度: 25/29, 成功: 200, 失败: 0
[2026-03-30 13:27:14] [INFO]   ✅ Group B 完成: 成功 232, 失败 0，已保存
[2026-03-30 13:27:16] [INFO]   🔄 开始翻译 Group A (8 种语言)...
[2026-03-30 13:28:19] [INFO]   进度: 5/25, 成功: 40, 失败: 0
[2026-03-30 13:29:33] [INFO]   进度: 10/25, 成功: 80, 失败: 0
[2026-03-30 13:30:36] [INFO]   进度: 15/25, 成功: 120, 失败: 0
[2026-03-30 13:31:44] [INFO]   进度: 20/25, 成功: 160, 失败: 0
[2026-03-30 13:32:29] [INFO]   进度: 25/25, 成功: 200, 失败: 0
[2026-03-30 13:32:32] [INFO]   ✅ Group A 完成: 成功 200, 失败 0，已保存
[2026-03-30 13:32:32] [INFO]   ⏸️ 冷却 5 秒（缓解 API Rate Limit）...
[2026-03-30 13:32:37] [INFO]   🔄 开始翻译 Group B (8 种语言)...
[2026-03-30 13:34:26] [INFO]   进度: 5/25, 成功: 40, 失败: 0
[2026-03-30 13:36:28] [INFO]   进度: 10/25, 成功: 80, 失败: 0
[2026-03-30 13:38:11] [INFO]   进度: 15/25, 成功: 120, 失败: 0
[2026-03-30 13:39:52] [INFO]   进度: 20/25, 成功: 160, 失败: 0
[2026-03-30 13:40:52] [INFO]   进度: 25/25, 成功: 200, 失败: 0
[2026-03-30 13:40:56] [INFO]   ✅ Group B 完成: 成功 200, 失败 0，已保存
[2026-03-30 13:40:57] [INFO]   🔄 开始翻译 Group A (8 种语言)...
[2026-03-30 13:41:40] [INFO]   进度: 5/59, 成功: 40, 失败: 0
[2026-03-30 13:42:41] [INFO]   进度: 10/59, 成功: 80, 失败: 0
[2026-03-30 13:43:28] [INFO]   进度: 15/59, 成功: 120, 失败: 0
[2026-03-30 13:43:29] [INFO] 正在获取所有素材...
[2026-03-30 13:43:35] [INFO] 总共 308 个素材
[2026-03-30 13:44:35] [INFO]   进度: 20/59, 成功: 160, 失败: 0
[2026-03-30 13:45:38] [INFO]   进度: 25/59, 成功: 200, 失败: 0
[2026-03-30 13:46:34] [INFO]   进度: 30/59, 成功: 240, 失败: 0
[2026-03-30 13:47:27] [INFO]   进度: 35/59, 成功: 280, 失败: 0
[2026-03-30 13:48:28] [INFO]   进度: 40/59, 成功: 320, 失败: 0
[2026-03-30 13:49:11] [INFO]   进度: 45/59, 成功: 360, 失败: 0
[2026-03-30 13:50:15] [INFO]   进度: 50/59, 成功: 400, 失败: 0
[2026-03-30 13:51:24] [INFO]   进度: 55/59, 成功: 440, 失败: 0
[2026-03-30 13:52:09] [INFO]   ✅ Group A 完成: 成功 472, 失败 0，已保存
[2026-03-30 13:52:09] [INFO]   ⏸️ 冷却 5 秒（缓解 API Rate Limit）...
[2026-03-30 13:52:14] [INFO]   🔄 开始翻译 Group B (8 种语言)...
[2026-03-30 13:53:04] [INFO]   进度: 5/59, 成功: 40, 失败: 0
[2026-03-30 13:54:36] [INFO]   进度: 10/59, 成功: 80, 失败: 0
[2026-03-30 13:55:34] [INFO]   进度: 15/59, 成功: 120, 失败: 0
[2026-03-30 13:57:40] [INFO]   进度: 20/59, 成功: 160, 失败: 0
[2026-03-30 13:59:09] [INFO]   进度: 25/59, 成功: 200, 失败: 0
[2026-03-30 14:00:51] [INFO]   进度: 30/59, 成功: 240, 失败: 0
[2026-03-30 14:02:13] [INFO]   进度: 35/59, 成功: 280, 失败: 0
[2026-03-30 14:03:56] [INFO]   进度: 40/59, 成功: 320, 失败: 0
[2026-03-30 14:12:03] [INFO] 正在获取所有素材...
[2026-03-30 14:12:07] [INFO] 总共 308 个素材
[2026-03-30 14:12:16] [INFO]   🔄 开始翻译 Group A (8 种语言)...
[2026-03-30 14:13:12] [INFO]   进度: 5/43, 成功: 40, 失败: 0
[2026-03-30 14:14:06] [INFO]   进度: 10/43, 成功: 80, 失败: 0
[2026-03-30 14:15:22] [INFO]   进度: 15/43, 成功: 120, 失败: 0
[2026-03-30 14:16:41] [INFO]   进度: 20/43, 成功: 160, 失败: 0
[2026-03-30 14:17:52] [INFO]   进度: 25/43, 成功: 200, 失败: 0
[2026-03-30 14:19:09] [INFO]   进度: 30/43, 成功: 240, 失败: 0
[2026-03-30 14:20:30] [INFO]   进度: 35/43, 成功: 280, 失败: 0
[2026-03-30 14:21:41] [INFO]   进度: 40/43, 成功: 320, 失败: 0
[2026-03-30 14:22:22] [INFO]   ✅ Group A 完成: 成功 344, 失败 0，已保存
[2026-03-30 14:22:22] [INFO]   ⏸️ 冷却 5 秒（缓解 API Rate Limit）...
[2026-03-30 14:22:27] [INFO]   🔄 开始翻译 Group B (8 种语言)...
[2026-03-30 14:23:48] [INFO]   进度: 5/43, 成功: 40, 失败: 0
[2026-03-30 14:25:29] [INFO]   进度: 10/43, 成功: 80, 失败: 0
[2026-03-30 14:28:14] [INFO]   进度: 15/43, 成功: 120, 失败: 0
[2026-03-30 14:30:35] [INFO]   进度: 20/43, 成功: 160, 失败: 0
[2026-03-30 14:33:21] [INFO]   进度: 25/43, 成功: 200, 失败: 0
[2026-03-30 14:35:42] [INFO]   进度: 30/43, 成功: 240, 失败: 0
[2026-03-30 14:37:46] [INFO]   进度: 35/43, 成功: 280, 失败: 0
[2026-03-30 14:40:41] [INFO]   进度: 40/43, 成功: 320, 失败: 0
[2026-03-30 14:41:33] [INFO]   ✅ Group B 完成: 成功 344, 失败 0，已保存
[2026-03-30 14:41:34] [INFO]   🔄 开始翻译 Group A (8 种语言)...
[2026-03-30 14:43:12] [INFO]   进度: 5/43, 成功: 40, 失败: 0
[2026-03-30 14:44:32] [INFO]   进度: 10/43, 成功: 80, 失败: 0
[2026-03-30 14:46:12] [INFO]   进度: 15/43, 成功: 120, 失败: 0
[2026-03-30 14:47:16] [INFO]   进度: 20/43, 成功: 160, 失败: 0
[2026-03-30 14:48:35] [INFO]   进度: 25/43, 成功: 200, 失败: 0
[2026-03-30 14:50:43] [INFO]   进度: 30/43, 成功: 240, 失败: 0
[2026-03-30 14:52:53] [INFO]   进度: 35/43, 成功: 280, 失败: 0
[2026-03-30 14:54:14] [INFO]   进度: 40/43, 成功: 320, 失败: 0
[2026-03-30 14:55:23] [INFO]   ✅ Group A 完成: 成功 344, 失败 0，已保存
[2026-03-30 14:55:23] [INFO]   ⏸️ 冷却 5 秒（缓解 API Rate Limit）...
[2026-03-30 14:55:28] [INFO]   🔄 开始翻译 Group B (8 种语言)...
[2026-03-30 14:57:44] [INFO]   进度: 5/43, 成功: 40, 失败: 0
[2026-03-30 14:59:36] [INFO]   进度: 10/43, 成功: 80, 失败: 0
[2026-03-30 15:03:03] [INFO]   进度: 15/43, 成功: 120, 失败: 0
[2026-03-30 15:05:18] [INFO]   进度: 20/43, 成功: 160, 失败: 0
[2026-03-30 15:07:22] [INFO]   进度: 25/43, 成功: 200, 失败: 0
[2026-03-30 15:10:53] [INFO]   进度: 30/43, 成功: 240, 失败: 0
[2026-03-30 15:14:44] [INFO]   进度: 35/43, 成功: 280, 失败: 0
[2026-03-30 15:17:19] [INFO]   进度: 40/43, 成功: 320, 失败: 0
[2026-03-30 15:19:06] [INFO]   ✅ Group B 完成: 成功 344, 失败 0，已保存
[2026-03-30 15:19:08] [INFO]   🔄 开始翻译 Group A (8 种语言)...
[2026-03-30 15:20:01] [INFO]   进度: 5/46, 成功: 40, 失败: 0
[2026-03-30 15:20:33] [INFO]   进度: 10/46, 成功: 80, 失败: 0
[2026-03-30 15:21:14] [INFO]   进度: 15/46, 成功: 120, 失败: 0
[2026-03-30 15:21:58] [INFO]   进度: 20/46, 成功: 160, 失败: 0
[2026-03-30 15:22:49] [INFO]   进度: 25/46, 成功: 200, 失败: 0
[2026-03-30 15:23:25] [INFO]   进度: 30/46, 成功: 240, 失败: 0
[2026-03-30 15:24:01] [INFO]   进度: 35/46, 成功: 280, 失败: 0
[2026-03-30 15:24:45] [INFO]   进度: 40/46, 成功: 320, 失败: 0
[2026-03-30 15:25:20] [INFO]   进度: 45/46, 成功: 360, 失败: 0
[2026-03-30 15:25:32] [INFO]   ✅ Group A 完成: 成功 368, 失败 0，已保存
[2026-03-30 15:25:32] [INFO]   ⏸️ 冷却 5 秒（缓解 API Rate Limit）...
[2026-03-30 15:25:37] [INFO]   🔄 开始翻译 Group B (8 种语言)...
[2026-03-30 15:26:35] [INFO]   进度: 5/46, 成功: 40, 失败: 0
[2026-03-30 15:27:49] [INFO]   进度: 10/46, 成功: 80, 失败: 0
[2026-03-30 15:28:32] [INFO]   进度: 15/46, 成功: 120, 失败: 0
[2026-03-30 15:29:22] [INFO]   进度: 20/46, 成功: 160, 失败: 0
[2026-03-30 15:30:29] [INFO]   进度: 25/46, 成功: 200, 失败: 0
[2026-03-30 15:31:18] [INFO]   进度: 30/46, 成功: 240, 失败: 0
[2026-03-30 15:32:00] [INFO]   进度: 35/46, 成功: 280, 失败: 0
[2026-03-30 15:32:54] [INFO]   进度: 40/46, 成功: 320, 失败: 0
[2026-03-30 15:33:52] [INFO]   进度: 45/46, 成功: 360, 失败: 0
[2026-03-30 15:34:14] [INFO]   ✅ Group B 完成: 成功 368, 失败 0，已保存
[2026-03-30 15:34:17] [INFO]   ⏸️ 冷却 5 秒（缓解 API Rate Limit）...
[2026-03-30 15:34:22] [INFO]   🔄 开始翻译 Group B (8 种语言)...
[2026-03-30 15:35:22] [INFO]   进度: 5/59, 成功: 40, 失败: 0
[2026-03-30 15:37:30] [INFO]   进度: 10/59, 成功: 80, 失败: 0
[2026-03-30 15:38:26] [INFO]   进度: 15/59, 成功: 120, 失败: 0
[2026-03-30 15:40:22] [INFO]   进度: 20/59, 成功: 160, 失败: 0
[2026-03-30 15:42:14] [INFO]   进度: 25/59, 成功: 200, 失败: 0
[2026-03-30 15:43:44] [INFO]   进度: 30/59, 成功: 240, 失败: 0
[2026-03-30 15:45:19] [INFO]   进度: 35/59, 成功: 280, 失败: 0
[2026-03-30 15:47:10] [INFO]   进度: 40/59, 成功: 320, 失败: 0
[2026-03-30 15:48:45] [INFO]   进度: 45/59, 成功: 360, 失败: 0
[2026-03-30 15:50:47] [INFO]   进度: 50/59, 成功: 400, 失败: 0
[2026-03-30 15:52:35] [INFO]   进度: 55/59, 成功: 440, 失败: 0
[2026-03-30 15:53:48] [INFO]   ✅ Group B 完成: 成功 472, 失败 0，已保存
[2026-03-30 15:53:49] [INFO]   🔄 开始翻译 Group A (8 种语言)...
[2026-03-30 15:55:06] [INFO]   进度: 5/35, 成功: 40, 失败: 0
[2026-03-30 15:56:22] [INFO]   进度: 10/35, 成功: 80, 失败: 0
[2026-03-30 15:57:39] [INFO]   进度: 15/35, 成功: 120, 失败: 0
[2026-03-30 15:59:25] [INFO]   进度: 20/35, 成功: 160, 失败: 0
[2026-03-30 16:01:01] [INFO]   进度: 25/35, 成功: 200, 失败: 0
[2026-03-30 16:02:59] [INFO]   进度: 30/35, 成功: 240, 失败: 0
[2026-03-30 16:04:22] [INFO]   进度: 35/35, 成功: 280, 失败: 0
[2026-03-30 16:04:26] [INFO]   ✅ Group A 完成: 成功 280, 失败 0，已保存
[2026-03-30 16:04:26] [INFO]   ⏸️ 冷却 5 秒（缓解 API Rate Limit）...
[2026-03-30 16:04:31] [INFO]   🔄 开始翻译 Group B (8 种语言)...
[2026-03-30 16:06:55] [INFO]   进度: 5/35, 成功: 40, 失败: 0
[2026-03-30 16:10:02] [INFO]   进度: 10/35, 成功: 80, 失败: 0
[2026-03-30 16:12:49] [INFO]   进度: 15/35, 成功: 120, 失败: 0
[2026-03-30 16:15:32] [INFO]   进度: 20/35, 成功: 160, 失败: 0
[2026-03-30 16:17:47] [INFO]   进度: 25/35, 成功: 200, 失败: 0
[2026-03-30 16:21:21] [INFO]   进度: 30/35, 成功: 240, 失败: 0
[2026-03-30 16:23:28] [INFO]   进度: 35/35, 成功: 280, 失败: 0
[2026-03-30 16:23:32] [INFO]   ✅ Group B 完成: 成功 280, 失败 0，已保存
[2026-03-30 16:23:34] [INFO]   🔄 开始翻译 Group A (8 种语言)...
[2026-03-30 16:24:36] [INFO]   进度: 5/45, 成功: 40, 失败: 0
[2026-03-30 16:25:28] [INFO]   进度: 10/45, 成功: 80, 失败: 0
[2026-03-30 16:26:32] [INFO]   进度: 15/45, 成功: 120, 失败: 0
[2026-03-30 16:27:39] [INFO]   进度: 20/45, 成功: 160, 失败: 0
[2026-03-30 16:28:54] [INFO]   进度: 25/45, 成功: 200, 失败: 0
[2026-03-30 16:30:08] [INFO]   进度: 30/45, 成功: 240, 失败: 0
[2026-03-30 16:32:02] [INFO]   进度: 35/45, 成功: 280, 失败: 0
[2026-03-30 16:33:11] [INFO]   进度: 40/45, 成功: 320, 失败: 0
[2026-03-30 16:34:16] [INFO]   进度: 45/45, 成功: 360, 失败: 0
[2026-03-30 16:34:19] [INFO]   ✅ Group A 完成: 成功 360, 失败 0，已保存
[2026-03-30 16:34:19] [INFO]   ⏸️ 冷却 5 秒（缓解 API Rate Limit）...
[2026-03-30 16:34:24] [INFO]   🔄 开始翻译 Group B (8 种语言)...
[2026-03-30 16:36:30] [INFO]   进度: 5/45, 成功: 40, 失败: 0
[2026-03-30 16:37:48] [INFO]   进度: 10/45, 成功: 80, 失败: 0
[2026-03-30 16:39:35] [INFO]   进度: 15/45, 成功: 120, 失败: 0
[2026-03-30 16:41:51] [INFO]   进度: 20/45, 成功: 160, 失败: 0
[2026-03-30 16:44:34] [INFO]   进度: 25/45, 成功: 200, 失败: 0
[2026-03-30 16:46:23] [INFO]   进度: 30/45, 成功: 240, 失败: 0
[2026-03-30 16:49:06] [INFO]   进度: 35/45, 成功: 280, 失败: 0
[2026-03-30 16:51:16] [INFO]   进度: 40/45, 成功: 320, 失败: 0
[2026-03-30 16:53:28] [INFO]   进度: 45/45, 成功: 360, 失败: 0
[2026-03-30 16:53:32] [INFO]   ✅ Group B 完成: 成功 360, 失败 0，已保存
[2026-03-30 16:53:34] [INFO]   🔄 开始翻译 Group A (8 种语言)...
[2026-03-30 16:55:06] [INFO]   进度: 5/38, 成功: 40, 失败: 0
[2026-03-30 16:56:30] [INFO]   进度: 10/38, 成功: 80, 失败: 0
[2026-03-30 16:57:57] [INFO]   进度: 15/38, 成功: 120, 失败: 0
[2026-03-30 16:59:10] [INFO]   进度: 20/38, 成功: 160, 失败: 0
[2026-03-30 17:00:51] [INFO]   进度: 25/38, 成功: 200, 失败: 0
[2026-03-30 17:02:11] [INFO]   进度: 30/38, 成功: 240, 失败: 0
[2026-03-30 17:03:15] [INFO]   进度: 35/38, 成功: 280, 失败: 0
[2026-03-30 17:03:47] [INFO]   ✅ Group A 完成: 成功 304, 失败 0，已保存
[2026-03-30 17:03:47] [INFO]   ⏸️ 冷却 5 秒（缓解 API Rate Limit）...
[2026-03-30 17:03:52] [INFO]   🔄 开始翻译 Group B (8 种语言)...
[2026-03-30 17:06:36] [INFO]   进度: 5/38, 成功: 40, 失败: 0
[2026-03-30 17:08:58] [INFO]   进度: 10/38, 成功: 80, 失败: 0
[2026-03-30 17:11:55] [INFO]   进度: 15/38, 成功: 120, 失败: 0
[2026-03-30 17:13:44] [INFO]   进度: 20/38, 成功: 160, 失败: 0
[2026-03-30 17:16:39] [INFO]   进度: 25/38, 成功: 200, 失败: 0
[2026-03-30 17:18:50] [INFO]   进度: 30/38, 成功: 240, 失败: 0
[2026-03-30 17:21:05] [INFO]   进度: 35/38, 成功: 280, 失败: 0
[2026-03-30 17:21:54] [INFO]   ✅ Group B 完成: 成功 304, 失败 0，已保存
[2026-03-30 17:21:56] [INFO]   🔄 开始翻译 Group A (8 种语言)...
[2026-03-30 17:23:03] [INFO]   进度: 5/31, 成功: 40, 失败: 0
[2026-03-30 17:24:05] [INFO]   进度: 10/31, 成功: 80, 失败: 0
[2026-03-30 17:25:14] [INFO]   进度: 15/31, 成功: 120, 失败: 0
[2026-03-30 17:26:20] [INFO]   进度: 20/31, 成功: 160, 失败: 0
[2026-03-30 17:27:23] [INFO]   进度: 25/31, 成功: 200, 失败: 0
[2026-03-30 17:28:18] [INFO]   进度: 30/31, 成功: 240, 失败: 0
[2026-03-30 17:28:43] [INFO]   ✅ Group A 完成: 成功 248, 失败 0，已保存
[2026-03-30 17:28:43] [INFO]   ⏸️ 冷却 5 秒（缓解 API Rate Limit）...
[2026-03-30 17:28:48] [INFO]   🔄 开始翻译 Group B (8 种语言)...
[2026-03-30 17:30:22] [INFO]   进度: 5/31, 成功: 40, 失败: 0
[2026-03-30 17:32:41] [INFO]   进度: 10/31, 成功: 80, 失败: 0
[2026-03-30 17:34:30] [INFO]   进度: 15/31, 成功: 120, 失败: 0
[2026-03-30 17:36:12] [INFO]   进度: 20/31, 成功: 160, 失败: 0
[2026-03-30 17:38:11] [INFO]   进度: 25/31, 成功: 200, 失败: 0
[2026-03-30 17:39:50] [INFO]   进度: 30/31, 成功: 240, 失败: 0
[2026-03-30 17:40:47] [INFO]   ✅ Group B 完成: 成功 248, 失败 0，已保存
[2026-03-30 17:40:49] [INFO]   🔄 开始翻译 Group A (8 种语言)...
[2026-03-30 17:42:12] [INFO]   进度: 5/42, 成功: 40, 失败: 0
[2026-03-30 17:43:44] [INFO]   进度: 10/42, 成功: 80, 失败: 0
[2026-03-30 17:45:02] [INFO]   进度: 15/42, 成功: 120, 失败: 0
[2026-03-30 17:46:16] [INFO]   进度: 20/42, 成功: 160, 失败: 0
[2026-03-30 17:47:39] [INFO]   进度: 25/42, 成功: 200, 失败: 0
[2026-03-30 17:48:51] [INFO]   进度: 30/42, 成功: 240, 失败: 0
[2026-03-30 17:50:23] [INFO]   进度: 35/42, 成功: 280, 失败: 0
[2026-03-30 17:51:27] [INFO]   进度: 40/42, 成功: 320, 失败: 0
[2026-03-30 17:51:43] [INFO]   ✅ Group A 完成: 成功 336, 失败 0，已保存
[2026-03-30 17:51:43] [INFO]   ⏸️ 冷却 5 秒（缓解 API Rate Limit）...
[2026-03-30 17:51:48] [INFO]   🔄 开始翻译 Group B (8 种语言)...
[2026-03-30 17:54:17] [INFO]   进度: 5/42, 成功: 40, 失败: 0
[2026-03-30 17:56:26] [INFO]   进度: 10/42, 成功: 80, 失败: 0
[2026-03-30 17:58:59] [INFO]   进度: 15/42, 成功: 120, 失败: 0
[2026-03-30 18:01:20] [INFO]   进度: 20/42, 成功: 160, 失败: 0
[2026-03-30 18:04:16] [INFO]   进度: 25/42, 成功: 200, 失败: 0
[2026-03-30 18:06:15] [INFO]   进度: 30/42, 成功: 240, 失败: 0
[2026-03-30 18:08:35] [INFO]   进度: 35/42, 成功: 280, 失败: 0
[2026-03-30 18:10:03] [INFO]   进度: 40/42, 成功: 320, 失败: 0
[2026-03-30 18:10:28] [INFO]   ✅ Group B 完成: 成功 336, 失败 0，已保存
[2026-03-30 18:10:30] [INFO]   🔄 开始翻译 Group A (8 种语言)...
[2026-03-30 18:11:37] [INFO]   进度: 5/59, 成功: 40, 失败: 0
[2026-03-30 18:12:57] [INFO]   进度: 10/59, 成功: 80, 失败: 0
[2026-03-30 18:13:56] [INFO]   进度: 15/59, 成功: 120, 失败: 0
[2026-03-30 18:15:07] [INFO]   进度: 20/59, 成功: 160, 失败: 0
[2026-03-30 18:16:18] [INFO]   进度: 25/59, 成功: 200, 失败: 0
[2026-03-30 18:17:25] [INFO]   进度: 30/59, 成功: 240, 失败: 0
[2026-03-30 18:18:28] [INFO]   进度: 35/59, 成功: 280, 失败: 0
[2026-03-30 18:19:34] [INFO]   进度: 40/59, 成功: 320, 失败: 0
[2026-03-30 18:20:46] [INFO]   进度: 45/59, 成功: 360, 失败: 0
[2026-03-30 18:21:57] [INFO]   进度: 50/59, 成功: 400, 失败: 0
[2026-03-30 18:22:58] [INFO]   进度: 55/59, 成功: 440, 失败: 0
[2026-03-30 18:23:36] [INFO]   ✅ Group A 完成: 成功 472, 失败 0，已保存
[2026-03-30 18:23:36] [INFO]   ⏸️ 冷却 5 秒（缓解 API Rate Limit）...
[2026-03-30 18:23:41] [INFO]   🔄 开始翻译 Group B (8 种语言)...
[2026-03-30 18:25:30] [INFO]   进度: 5/59, 成功: 40, 失败: 0
[2026-03-30 18:27:50] [INFO]   进度: 10/59, 成功: 80, 失败: 0
[2026-03-30 18:29:39] [INFO]   进度: 15/59, 成功: 120, 失败: 0
[2026-03-30 18:32:05] [INFO]   进度: 20/59, 成功: 160, 失败: 0
[2026-03-30 18:34:28] [INFO]   进度: 25/59, 成功: 200, 失败: 0
[2026-03-30 18:37:11] [INFO]   进度: 30/59, 成功: 240, 失败: 0
[2026-03-30 18:38:55] [INFO]   进度: 35/59, 成功: 280, 失败: 0
[2026-03-30 18:40:41] [INFO]   进度: 40/59, 成功: 320, 失败: 0
[2026-03-30 18:42:27] [INFO]   进度: 45/59, 成功: 360, 失败: 0
[2026-03-30 18:44:20] [INFO]   进度: 50/59, 成功: 400, 失败: 0
[2026-03-30 18:45:56] [INFO]   进度: 55/59, 成功: 440, 失败: 0
[2026-03-30 18:46:49] [INFO]   ✅ Group B 完成: 成功 472, 失败 0，已保存
[2026-03-30 18:46:51] [INFO]   🔄 开始翻译 Group A (8 种语言)...
[2026-03-30 18:47:40] [INFO]   进度: 5/86, 成功: 40, 失败: 0
[2026-03-30 18:48:44] [INFO]   进度: 10/86, 成功: 80, 失败: 0
[2026-03-30 18:49:40] [INFO]   进度: 15/86, 成功: 120, 失败: 0
[2026-03-30 18:50:28] [INFO]   进度: 20/86, 成功: 160, 失败: 0
[2026-03-30 18:51:21] [INFO]   进度: 25/86, 成功: 200, 失败: 0
[2026-03-30 18:52:19] [INFO]   进度: 30/86, 成功: 240, 失败: 0
[2026-03-30 18:53:15] [INFO]   进度: 35/86, 成功: 280, 失败: 0
[2026-03-30 18:54:08] [INFO]   进度: 40/86, 成功: 320, 失败: 0
[2026-03-30 18:55:04] [INFO]   进度: 45/86, 成功: 360, 失败: 0
[2026-03-30 18:55:57] [INFO]   进度: 50/86, 成功: 400, 失败: 0
[2026-03-30 18:56:36] [INFO]   进度: 55/86, 成功: 440, 失败: 0
[2026-03-30 18:57:22] [INFO]   进度: 60/86, 成功: 480, 失败: 0
[2026-03-30 18:58:14] [INFO]   进度: 65/86, 成功: 520, 失败: 0
[2026-03-30 18:58:57] [INFO]   进度: 70/86, 成功: 560, 失败: 0
[2026-03-30 18:59:38] [INFO]   进度: 75/86, 成功: 600, 失败: 0
[2026-03-30 19:00:28] [INFO]   进度: 80/86, 成功: 640, 失败: 0
[2026-03-30 19:01:27] [INFO]   进度: 85/86, 成功: 680, 失败: 0
[2026-03-30 19:01:40] [INFO]   ✅ Group A 完成: 成功 688, 失败 0，已保存
[2026-03-30 19:01:40] [INFO]   ⏸️ 冷却 5 秒（缓解 API Rate Limit）...
[2026-03-30 19:01:45] [INFO]   🔄 开始翻译 Group B (8 种语言)...
[2026-03-30 19:03:15] [INFO]   进度: 5/86, 成功: 40, 失败: 0
[2026-03-30 19:04:41] [INFO]   进度: 10/86, 成功: 80, 失败: 0
[2026-03-30 19:06:24] [INFO]   进度: 15/86, 成功: 120, 失败: 0
[2026-03-30 19:07:29] [INFO]   进度: 20/86, 成功: 160, 失败: 0
[2026-03-30 19:08:49] [INFO]   进度: 25/86, 成功: 200, 失败: 0
[2026-03-30 19:10:08] [INFO]   进度: 30/86, 成功: 240, 失败: 0
[2026-03-30 19:11:24] [INFO]   进度: 35/86, 成功: 280, 失败: 0
[2026-03-30 19:13:18] [INFO]   进度: 40/86, 成功: 320, 失败: 0
[2026-03-30 19:14:43] [INFO]   进度: 45/86, 成功: 360, 失败: 0
[2026-03-30 19:15:47] [INFO]   进度: 50/86, 成功: 400, 失败: 0
[2026-03-30 19:16:41] [INFO]   进度: 55/86, 成功: 440, 失败: 0
[2026-03-30 19:18:03] [INFO]   进度: 60/86, 成功: 480, 失败: 0
[2026-03-30 19:19:29] [INFO]   进度: 65/86, 成功: 520, 失败: 0
[2026-03-30 19:20:47] [INFO]   进度: 70/86, 成功: 560, 失败: 0
[2026-03-30 19:22:38] [INFO]   进度: 75/86, 成功: 600, 失败: 0
[2026-03-30 19:23:43] [INFO]   进度: 80/86, 成功: 640, 失败: 0
[2026-03-30 19:25:12] [INFO]   进度: 85/86, 成功: 680, 失败: 0
[2026-03-30 19:25:31] [INFO]   ✅ Group B 完成: 成功 688, 失败 0，已保存
[2026-03-30 19:25:33] [INFO]   🔄 开始翻译 Group A (8 种语言)...
[2026-03-30 19:26:23] [INFO]   进度: 5/40, 成功: 40, 失败: 0
[2026-03-30 19:27:43] [INFO]   进度: 10/40, 成功: 80, 失败: 0
[2026-03-30 19:28:47] [INFO]   进度: 15/40, 成功: 120, 失败: 0
[2026-03-30 19:29:51] [INFO]   进度: 20/40, 成功: 160, 失败: 0
[2026-03-30 19:30:44] [INFO]   进度: 25/40, 成功: 200, 失败: 0
[2026-03-30 19:31:45] [INFO]   进度: 30/40, 成功: 240, 失败: 0
[2026-03-30 19:32:45] [INFO]   进度: 35/40, 成功: 280, 失败: 0
[2026-03-30 19:33:43] [INFO]   进度: 40/40, 成功: 320, 失败: 0
[2026-03-30 19:33:48] [INFO]   ✅ Group A 完成: 成功 320, 失败 0，已保存
[2026-03-30 19:33:48] [INFO]   ⏸️ 冷却 5 秒（缓解 API Rate Limit）...
[2026-03-30 19:33:53] [INFO]   🔄 开始翻译 Group B (8 种语言)...
[2026-03-30 19:35:15] [INFO]   进度: 5/40, 成功: 40, 失败: 0
[2026-03-30 19:36:58] [INFO]   进度: 10/40, 成功: 80, 失败: 0
[2026-03-30 19:39:15] [INFO]   进度: 15/40, 成功: 120, 失败: 0
[2026-03-30 19:41:03] [INFO]   进度: 20/40, 成功: 160, 失败: 0
[2026-03-30 19:42:38] [INFO]   进度: 25/40, 成功: 200, 失败: 0
[2026-03-30 19:44:55] [INFO]   进度: 30/40, 成功: 240, 失败: 0
[2026-03-30 19:46:27] [INFO]   进度: 35/40, 成功: 280, 失败: 0
[2026-03-30 19:47:43] [INFO]   进度: 40/40, 成功: 320, 失败: 0
[2026-03-30 19:47:47] [INFO]   ✅ Group B 完成: 成功 320, 失败 0，已保存
[2026-03-30 19:47:48] [INFO]   🔄 开始翻译 Group A (8 种语言)...
[2026-03-30 19:48:27] [INFO]   进度: 5/21, 成功: 40, 失败: 0
[2026-03-30 19:49:07] [INFO]   进度: 10/21, 成功: 80, 失败: 0
[2026-03-30 19:49:46] [INFO]   进度: 15/21, 成功: 120, 失败: 0
[2026-03-30 19:50:25] [INFO]   进度: 20/21, 成功: 160, 失败: 0
[2026-03-30 19:50:36] [INFO]   ✅ Group A 完成: 成功 168, 失败 0，已保存
[2026-03-30 19:50:36] [INFO]   ⏸️ 冷却 5 秒（缓解 API Rate Limit）...
[2026-03-30 19:50:41] [INFO]   🔄 开始翻译 Group B (8 种语言)...
[2026-03-30 19:51:41] [INFO]   进度: 5/21, 成功: 40, 失败: 0
[2026-03-30 19:52:58] [INFO]   进度: 10/21, 成功: 80, 失败: 0
[2026-03-30 19:53:59] [INFO]   进度: 15/21, 成功: 120, 失败: 0
[2026-03-30 19:54:51] [INFO]   进度: 20/21, 成功: 160, 失败: 0
[2026-03-30 19:55:04] [INFO]   ✅ Group B 完成: 成功 168, 失败 0，已保存
[2026-03-30 19:55:05] [INFO]   🔄 开始翻译 Group A (8 种语言)...
[2026-03-30 19:55:36] [INFO]   进度: 5/41, 成功: 40, 失败: 0
[2026-03-30 19:56:12] [INFO]   进度: 10/41, 成功: 80, 失败: 0
[2026-03-30 19:56:58] [INFO]   进度: 15/41, 成功: 120, 失败: 0
[2026-03-30 19:57:31] [INFO]   进度: 20/41, 成功: 160, 失败: 0
[2026-03-30 19:58:09] [INFO]   进度: 25/41, 成功: 200, 失败: 0
[2026-03-30 19:58:46] [INFO]   进度: 30/41, 成功: 240, 失败: 0
[2026-03-30 19:59:31] [INFO]   进度: 35/41, 成功: 280, 失败: 0
[2026-03-30 20:00:10] [INFO]   进度: 40/41, 成功: 320, 失败: 0
[2026-03-30 20:00:20] [INFO]   ✅ Group A 完成: 成功 328, 失败 0，已保存
[2026-03-30 20:00:20] [INFO]   ⏸️ 冷却 5 秒（缓解 API Rate Limit）...
[2026-03-30 20:00:25] [INFO]   🔄 开始翻译 Group B (8 种语言)...
[2026-03-30 20:01:06] [INFO]   进度: 5/41, 成功: 40, 失败: 0
[2026-03-30 20:01:49] [INFO]   进度: 10/41, 成功: 80, 失败: 0
[2026-03-30 20:02:55] [INFO]   进度: 15/41, 成功: 120, 失败: 0
[2026-03-30 20:03:43] [INFO]   进度: 20/41, 成功: 160, 失败: 0
[2026-03-30 20:05:05] [INFO]   进度: 25/41, 成功: 200, 失败: 0
[2026-03-30 20:05:57] [INFO]   进度: 30/41, 成功: 240, 失败: 0
[2026-03-30 20:06:48] [INFO]   进度: 35/41, 成功: 280, 失败: 0
[2026-03-30 20:07:43] [INFO]   进度: 40/41, 成功: 320, 失败: 0
[2026-03-30 20:07:54] [INFO]   ✅ Group B 完成: 成功 328, 失败 0，已保存
[2026-03-30 20:07:56] [INFO]   🔄 开始翻译 Group A (8 种语言)...
[2026-03-30 20:09:02] [INFO]   进度: 5/48, 成功: 40, 失败: 0
[2026-03-30 20:09:59] [INFO]   进度: 10/48, 成功: 80, 失败: 0
[2026-03-30 20:11:01] [INFO]   进度: 15/48, 成功: 120, 失败: 0
[2026-03-30 20:12:01] [INFO]   进度: 20/48, 成功: 160, 失败: 0
[2026-03-30 20:13:16] [INFO]   进度: 25/48, 成功: 200, 失败: 0
[2026-03-30 20:14:39] [INFO]   进度: 30/48, 成功: 240, 失败: 0
[2026-03-30 20:15:49] [INFO]   进度: 35/48, 成功: 280, 失败: 0
[2026-03-30 20:16:51] [INFO]   进度: 40/48, 成功: 320, 失败: 0
[2026-03-30 20:17:52] [INFO]   进度: 45/48, 成功: 360, 失败: 0
[2026-03-30 20:18:39] [INFO]   ✅ Group A 完成: 成功 384, 失败 0，已保存
[2026-03-30 20:18:39] [INFO]   ⏸️ 冷却 5 秒（缓解 API Rate Limit）...
[2026-03-30 20:18:44] [INFO]   🔄 开始翻译 Group B (8 种语言)...
[2026-03-30 20:21:33] [INFO]   进度: 5/48, 成功: 40, 失败: 0
[2026-03-30 20:23:58] [INFO]   进度: 10/48, 成功: 80, 失败: 0
[2026-03-30 20:26:00] [INFO]   进度: 15/48, 成功: 120, 失败: 0
[2026-03-30 20:27:47] [INFO]   进度: 20/48, 成功: 160, 失败: 0
[2026-03-30 20:29:29] [INFO]   进度: 25/48, 成功: 200, 失败: 0
[2026-03-30 20:31:17] [INFO]   进度: 30/48, 成功: 240, 失败: 0
[2026-03-30 20:33:40] [INFO]   进度: 35/48, 成功: 280, 失败: 0
[2026-03-30 20:35:21] [INFO]   进度: 40/48, 成功: 320, 失败: 0
[2026-03-30 20:37:23] [INFO]   进度: 45/48, 成功: 360, 失败: 0
[2026-03-30 20:38:30] [INFO]   ✅ Group B 完成: 成功 384, 失败 0，已保存
[2026-03-30 20:38:31] [INFO]   🔄 开始翻译 Group A (8 种语言)...
[2026-03-30 20:39:50] [INFO]   进度: 5/51, 成功: 40, 失败: 0
[2026-03-30 20:40:42] [INFO]   进度: 10/51, 成功: 80, 失败: 0
[2026-03-30 20:41:49] [INFO]   进度: 15/51, 成功: 120, 失败: 0
[2026-03-30 20:43:03] [INFO]   进度: 20/51, 成功: 160, 失败: 0
[2026-03-30 20:44:06] [INFO]   进度: 25/51, 成功: 200, 失败: 0
[2026-03-30 20:45:16] [INFO]   进度: 30/51, 成功: 240, 失败: 0
[2026-03-30 20:46:33] [INFO]   进度: 35/51, 成功: 280, 失败: 0
[2026-03-30 20:47:59] [INFO]   进度: 40/51, 成功: 320, 失败: 0
[2026-03-30 20:49:07] [INFO]   进度: 45/51, 成功: 360, 失败: 0
[2026-03-30 20:50:36] [INFO]   进度: 50/51, 成功: 400, 失败: 0
[2026-03-30 20:50:45] [INFO]   ✅ Group A 完成: 成功 408, 失败 0，已保存
[2026-03-30 20:50:45] [INFO]   ⏸️ 冷却 5 秒（缓解 API Rate Limit）...
[2026-03-30 20:50:50] [INFO]   🔄 开始翻译 Group B (8 种语言)...
[2026-03-30 20:53:40] [INFO]   进度: 5/51, 成功: 40, 失败: 0
[2026-03-30 20:54:59] [INFO]   进度: 10/51, 成功: 80, 失败: 0
[2026-03-30 20:56:49] [INFO]   进度: 15/51, 成功: 120, 失败: 0
[2026-03-30 20:58:47] [INFO]   进度: 20/51, 成功: 160, 失败: 0
[2026-03-30 21:00:46] [INFO]   进度: 25/51, 成功: 200, 失败: 0
[2026-03-30 21:02:13] [INFO]   进度: 30/51, 成功: 240, 失败: 0
[2026-03-30 21:04:07] [INFO]   进度: 35/51, 成功: 280, 失败: 0
[2026-03-30 21:06:44] [INFO]   进度: 40/51, 成功: 320, 失败: 0
[2026-03-30 21:08:27] [INFO]   进度: 45/51, 成功: 360, 失败: 0
[2026-03-30 21:10:58] [INFO]   进度: 50/51, 成功: 400, 失败: 0
[2026-03-30 21:11:13] [INFO]   ✅ Group B 完成: 成功 408, 失败 0，已保存
[2026-03-30 21:11:14] [INFO]   🔄 开始翻译 Group A (8 种语言)...
[2026-03-30 21:12:32] [INFO]   进度: 5/35, 成功: 40, 失败: 0
[2026-03-30 21:14:19] [INFO]   进度: 10/35, 成功: 80, 失败: 0
[2026-03-30 21:15:54] [INFO]   进度: 15/35, 成功: 120, 失败: 0
[2026-03-30 21:17:04] [INFO]   进度: 20/35, 成功: 160, 失败: 0
[2026-03-30 21:18:20] [INFO]   进度: 25/35, 成功: 200, 失败: 0
[2026-03-30 21:19:38] [INFO]   进度: 30/35, 成功: 240, 失败: 0
[2026-03-30 21:20:47] [INFO]   进度: 35/35, 成功: 280, 失败: 0
[2026-03-30 21:20:51] [INFO]   ✅ Group A 完成: 成功 280, 失败 0，已保存
[2026-03-30 21:20:51] [INFO]   ⏸️ 冷却 5 秒（缓解 API Rate Limit）...
[2026-03-30 21:20:56] [INFO]   🔄 开始翻译 Group B (8 种语言)...
[2026-03-30 21:23:30] [INFO]   进度: 5/35, 成功: 40, 失败: 0
[2026-03-30 21:27:17] [INFO]   进度: 10/35, 成功: 80, 失败: 0
[2026-03-30 21:30:36] [INFO]   进度: 15/35, 成功: 120, 失败: 0
[2026-03-30 21:33:03] [INFO]   进度: 20/35, 成功: 160, 失败: 0
[2026-03-30 21:35:28] [INFO]   进度: 25/35, 成功: 200, 失败: 0
[2026-03-30 21:38:04] [INFO]   进度: 30/35, 成功: 240, 失败: 0
[2026-03-30 21:39:54] [INFO]   进度: 35/35, 成功: 280, 失败: 0
[2026-03-30 21:40:00] [INFO]   ✅ Group B 完成: 成功 280, 失败 0，已保存
[2026-03-30 21:40:01] [INFO]   🔄 开始翻译 Group A (8 种语言)...
[2026-03-30 21:40:58] [INFO]   进度: 5/28, 成功: 40, 失败: 0
[2026-03-30 21:42:27] [INFO]   进度: 10/28, 成功: 80, 失败: 0
[2026-03-30 21:43:52] [INFO]   进度: 15/28, 成功: 120, 失败: 0
[2026-03-30 21:44:44] [INFO]   进度: 20/28, 成功: 160, 失败: 0
[2026-03-30 21:45:56] [INFO]   进度: 25/28, 成功: 200, 失败: 0
[2026-03-30 21:46:44] [INFO]   ✅ Group A 完成: 成功 224, 失败 0，已保存
[2026-03-30 21:46:44] [INFO]   ⏸️ 冷却 5 秒（缓解 API Rate Limit）...
[2026-03-30 21:46:49] [INFO]   🔄 开始翻译 Group B (8 种语言)...
[2026-03-30 21:48:50] [INFO]   进度: 5/28, 成功: 40, 失败: 0
[2026-03-30 21:51:36] [INFO]   进度: 10/28, 成功: 80, 失败: 0
[2026-03-30 21:54:09] [INFO]   进度: 15/28, 成功: 120, 失败: 0
[2026-03-30 21:56:06] [INFO]   进度: 20/28, 成功: 160, 失败: 0
[2026-03-30 21:58:02] [INFO]   进度: 25/28, 成功: 200, 失败: 0
[2026-03-30 21:59:38] [INFO]   ✅ Group B 完成: 成功 224, 失败 0，已保存
[2026-03-30 21:59:40] [INFO]   🔄 开始翻译 Group A (8 种语言)...
[2026-03-30 22:00:28] [INFO]   进度: 5/63, 成功: 40, 失败: 0
[2026-03-30 22:01:18] [INFO]   进度: 10/63, 成功: 80, 失败: 0
[2026-03-30 22:02:22] [INFO]   进度: 15/63, 成功: 120, 失败: 0
[2026-03-30 22:03:19] [INFO]   进度: 20/63, 成功: 160, 失败: 0
[2026-03-30 22:04:01] [INFO]   进度: 25/63, 成功: 200, 失败: 0
[2026-03-30 22:04:56] [INFO]   进度: 30/63, 成功: 240, 失败: 0
[2026-03-30 22:05:48] [INFO]   进度: 35/63, 成功: 280, 失败: 0
[2026-03-30 22:06:28] [INFO]   进度: 40/63, 成功: 320, 失败: 0
[2026-03-30 22:07:11] [INFO]   进度: 45/63, 成功: 360, 失败: 0
[2026-03-30 22:07:59] [INFO]   进度: 50/63, 成功: 400, 失败: 0
[2026-03-30 22:08:42] [INFO]   进度: 55/63, 成功: 440, 失败: 0
[2026-03-30 22:09:28] [INFO]   进度: 60/63, 成功: 480, 失败: 0
[2026-03-30 22:10:03] [INFO]   ✅ Group A 完成: 成功 504, 失败 0，已保存
[2026-03-30 22:10:03] [INFO]   ⏸️ 冷却 5 秒（缓解 API Rate Limit）...
[2026-03-30 22:10:08] [INFO]   🔄 开始翻译 Group B (8 种语言)...
[2026-03-30 22:11:14] [INFO]   进度: 5/63, 成功: 40, 失败: 0
[2026-03-30 22:12:13] [INFO]   进度: 10/63, 成功: 80, 失败: 0
[2026-03-30 22:14:00] [INFO]   进度: 15/63, 成功: 120, 失败: 0
[2026-03-30 22:15:13] [INFO]   进度: 20/63, 成功: 160, 失败: 0
[2026-03-30 22:16:31] [INFO]   进度: 25/63, 成功: 200, 失败: 0
[2026-03-30 22:18:17] [INFO]   进度: 30/63, 成功: 240, 失败: 0
[2026-03-30 22:19:43] [INFO]   进度: 35/63, 成功: 280, 失败: 0
[2026-03-30 22:20:51] [INFO]   进度: 40/63, 成功: 320, 失败: 0
[2026-03-30 22:22:05] [INFO]   进度: 45/63, 成功: 360, 失败: 0
[2026-03-30 22:23:18] [INFO]   进度: 50/63, 成功: 400, 失败: 0
[2026-03-30 22:24:26] [INFO]   进度: 55/63, 成功: 440, 失败: 0
[2026-03-30 22:25:51] [INFO]   进度: 60/63, 成功: 480, 失败: 0
[2026-03-30 22:26:47] [INFO]   ✅ Group B 完成: 成功 504, 失败 0，已保存
[2026-03-30 22:26:49] [INFO]   🔄 开始翻译 Group A (8 种语言)...
[2026-03-30 22:27:17] [INFO]   进度: 5/21, 成功: 40, 失败: 0
[2026-03-30 22:27:48] [INFO]   进度: 10/21, 成功: 80, 失败: 0
[2026-03-30 22:28:22] [INFO]   进度: 15/21, 成功: 120, 失败: 0
[2026-03-30 22:28:57] [INFO]   进度: 20/21, 成功: 160, 失败: 0
[2026-03-30 22:29:05] [INFO]   ✅ Group A 完成: 成功 168, 失败 0，已保存
[2026-03-30 22:29:05] [INFO]   ⏸️ 冷却 5 秒（缓解 API Rate Limit）...
[2026-03-30 22:29:10] [INFO]   🔄 开始翻译 Group B (8 种语言)...
[2026-03-30 22:29:48] [INFO]   进度: 5/21, 成功: 40, 失败: 0
[2026-03-30 22:30:20] [INFO]   进度: 10/21, 成功: 80, 失败: 0
[2026-03-30 22:30:57] [INFO]   进度: 15/21, 成功: 120, 失败: 0
[2026-03-30 22:31:52] [INFO]   进度: 20/21, 成功: 160, 失败: 0
[2026-03-30 22:32:01] [INFO]   ✅ Group B 完成: 成功 168, 失败 0，已保存
[2026-03-30 22:32:03] [INFO]   🔄 开始翻译 Group A (8 种语言)...
[2026-03-30 22:32:42] [INFO]   进度: 5/18, 成功: 40, 失败: 0
[2026-03-30 22:33:18] [INFO]   进度: 10/18, 成功: 80, 失败: 0
[2026-03-30 22:33:51] [INFO]   进度: 15/18, 成功: 120, 失败: 0
[2026-03-30 22:34:14] [INFO]   ✅ Group A 完成: 成功 144, 失败 0，已保存
[2026-03-30 22:34:14] [INFO]   ⏸️ 冷却 5 秒（缓解 API Rate Limit）...
[2026-03-30 22:34:19] [INFO]   🔄 开始翻译 Group B (8 种语言)...
[2026-03-30 22:35:05] [INFO]   进度: 5/18, 成功: 40, 失败: 0
[2026-03-30 22:35:51] [INFO]   进度: 10/18, 成功: 80, 失败: 0
[2026-03-30 22:36:42] [INFO]   进度: 15/18, 成功: 120, 失败: 0
[2026-03-30 22:37:15] [INFO]   ✅ Group B 完成: 成功 144, 失败 0，已保存
[2026-03-30 22:37:16] [INFO]   🔄 开始翻译 Group A (8 种语言)...
[2026-03-30 22:37:42] [INFO]   进度: 5/11, 成功: 40, 失败: 0
[2026-03-30 22:38:12] [INFO]   进度: 10/11, 成功: 80, 失败: 0
[2026-03-30 22:38:19] [INFO]   ✅ Group A 完成: 成功 88, 失败 0，已保存
[2026-03-30 22:38:19] [INFO]   ⏸️ 冷却 5 秒（缓解 API Rate Limit）...
[2026-03-30 22:38:24] [INFO]   🔄 开始翻译 Group B (8 种语言)...
[2026-03-30 22:39:04] [INFO]   进度: 5/11, 成功: 40, 失败: 0
[2026-03-30 22:39:37] [INFO]   进度: 10/11, 成功: 80, 失败: 0
[2026-03-30 22:39:46] [INFO]   ✅ Group B 完成: 成功 88, 失败 0，已保存
[2026-03-30 22:39:48] [INFO]   🔄 开始翻译 Group A (8 种语言)...
[2026-03-30 22:40:26] [INFO]   进度: 5/444, 成功: 40, 失败: 0
[2026-03-30 22:41:02] [INFO]   进度: 10/444, 成功: 80, 失败: 0
[2026-03-30 22:41:38] [INFO]   进度: 15/444, 成功: 120, 失败: 0
[2026-03-30 22:42:19] [INFO]   进度: 20/444, 成功: 160, 失败: 0
[2026-03-30 22:43:01] [INFO]   进度: 25/444, 成功: 200, 失败: 0
[2026-03-30 22:43:35] [INFO]   进度: 30/444, 成功: 240, 失败: 0
[2026-03-30 22:44:17] [INFO]   进度: 35/444, 成功: 280, 失败: 0
[2026-03-30 22:44:52] [INFO]   进度: 40/444, 成功: 320, 失败: 0
[2026-03-30 22:45:31] [INFO]   进度: 45/444, 成功: 360, 失败: 0
[2026-03-30 22:46:16] [INFO]   进度: 50/444, 成功: 400, 失败: 0
[2026-03-30 22:46:50] [INFO]   进度: 55/444, 成功: 440, 失败: 0
[2026-03-30 22:47:29] [INFO]   进度: 60/444, 成功: 480, 失败: 0
[2026-03-30 22:48:07] [INFO]   进度: 65/444, 成功: 520, 失败: 0
[2026-03-30 22:48:50] [INFO]   进度: 70/444, 成功: 560, 失败: 0
[2026-03-30 22:49:33] [INFO]   进度: 75/444, 成功: 600, 失败: 0
[2026-03-30 22:50:06] [INFO]   进度: 80/444, 成功: 640, 失败: 0
[2026-03-30 22:50:48] [INFO]   进度: 85/444, 成功: 680, 失败: 0
[2026-03-30 22:51:23] [INFO]   进度: 90/444, 成功: 720, 失败: 0
[2026-03-30 22:51:58] [INFO]   进度: 95/444, 成功: 760, 失败: 0
[2026-03-30 22:52:31] [INFO]   进度: 100/444, 成功: 800, 失败: 0
[2026-03-30 22:53:04] [INFO]   进度: 105/444, 成功: 840, 失败: 0
[2026-03-30 22:53:42] [INFO]   进度: 110/444, 成功: 880, 失败: 0
[2026-03-30 22:54:17] [INFO]   进度: 115/444, 成功: 920, 失败: 0
[2026-03-30 22:54:53] [INFO]   进度: 120/444, 成功: 960, 失败: 0
[2026-03-30 22:55:36] [INFO]   进度: 125/444, 成功: 1000, 失败: 0
[2026-03-30 22:56:15] [INFO]   进度: 130/444, 成功: 1040, 失败: 0
[2026-03-30 22:56:53] [INFO]   进度: 135/444, 成功: 1080, 失败: 0
[2026-03-30 22:57:29] [INFO]   进度: 140/444, 成功: 1120, 失败: 0
[2026-03-30 22:57:59] [INFO]   进度: 145/444, 成功: 1160, 失败: 0
[2026-03-30 22:58:34] [INFO]   进度: 150/444, 成功: 1200, 失败: 0
[2026-03-30 22:59:12] [INFO]   进度: 155/444, 成功: 1240, 失败: 0
[2026-03-30 22:59:47] [INFO]   进度: 160/444, 成功: 1280, 失败: 0
[2026-03-30 23:00:24] [INFO]   进度: 165/444, 成功: 1320, 失败: 0
[2026-03-30 23:01:04] [INFO]   进度: 170/444, 成功: 1360, 失败: 0
[2026-03-30 23:01:48] [INFO]   进度: 175/444, 成功: 1400, 失败: 0
[2026-03-30 23:02:30] [INFO]   进度: 180/444, 成功: 1440, 失败: 0
[2026-03-30 23:03:06] [INFO]   进度: 185/444, 成功: 1480, 失败: 0
[2026-03-30 23:03:40] [INFO]   进度: 190/444, 成功: 1520, 失败: 0
[2026-03-30 23:04:25] [INFO]   进度: 195/444, 成功: 1560, 失败: 0
[2026-03-30 23:05:05] [INFO]   进度: 200/444, 成功: 1600, 失败: 0
[2026-03-30 23:05:45] [INFO]   进度: 205/444, 成功: 1640, 失败: 0
[2026-03-30 23:06:16] [INFO]   进度: 210/444, 成功: 1680, 失败: 0
[2026-03-30 23:06:56] [INFO]   进度: 215/444, 成功: 1720, 失败: 0
[2026-03-30 23:07:33] [INFO]   进度: 220/444, 成功: 1760, 失败: 0
[2026-03-30 23:08:07] [INFO]   进度: 225/444, 成功: 1800, 失败: 0
[2026-03-30 23:08:41] [INFO]   进度: 230/444, 成功: 1840, 失败: 0
[2026-03-30 23:09:12] [INFO]   进度: 235/444, 成功: 1880, 失败: 0
[2026-03-30 23:09:53] [INFO]   进度: 240/444, 成功: 1920, 失败: 0
[2026-03-30 23:10:22] [INFO]   进度: 245/444, 成功: 1960, 失败: 0
[2026-03-30 23:11:06] [INFO]   进度: 250/444, 成功: 2000, 失败: 0
[2026-03-30 23:11:51] [INFO]   进度: 255/444, 成功: 2040, 失败: 0
[2026-03-30 23:12:30] [INFO]   进度: 260/444, 成功: 2080, 失败: 0
[2026-03-30 23:13:16] [INFO]   进度: 265/444, 成功: 2120, 失败: 0
[2026-03-30 23:13:49] [INFO]   进度: 270/444, 成功: 2160, 失败: 0
[2026-03-30 23:14:33] [INFO]   进度: 275/444, 成功: 2200, 失败: 0
[2026-03-30 23:15:09] [INFO]   进度: 280/444, 成功: 2240, 失败: 0
[2026-03-30 23:15:45] [INFO]   进度: 285/444, 成功: 2280, 失败: 0
[2026-03-30 23:16:25] [INFO]   进度: 290/444, 成功: 2320, 失败: 0
[2026-03-30 23:17:04] [INFO]   进度: 295/444, 成功: 2360, 失败: 0
[2026-03-30 23:17:46] [INFO]   进度: 300/444, 成功: 2400, 失败: 0
[2026-03-30 23:18:26] [INFO]   进度: 305/444, 成功: 2440, 失败: 0
[2026-03-30 23:19:08] [INFO]   进度: 310/444, 成功: 2480, 失败: 0
[2026-03-30 23:19:49] [INFO]   进度: 315/444, 成功: 2520, 失败: 0
[2026-03-30 23:20:25] [INFO]   进度: 320/444, 成功: 2560, 失败: 0
[2026-03-30 23:21:02] [INFO]   进度: 325/444, 成功: 2600, 失败: 0
[2026-03-30 23:21:51] [INFO]   进度: 330/444, 成功: 2640, 失败: 0
[2026-03-30 23:22:34] [INFO]   进度: 335/444, 成功: 2680, 失败: 0
[2026-03-30 23:23:21] [INFO]   进度: 340/444, 成功: 2720, 失败: 0
[2026-03-30 23:23:56] [INFO]   进度: 345/444, 成功: 2760, 失败: 0
[2026-03-30 23:24:41] [INFO]   进度: 350/444, 成功: 2800, 失败: 0
[2026-03-30 23:25:27] [INFO]   进度: 355/444, 成功: 2840, 失败: 0
[2026-03-30 23:26:10] [INFO]   进度: 360/444, 成功: 2880, 失败: 0
[2026-03-30 23:26:57] [INFO]   进度: 365/444, 成功: 2920, 失败: 0
[2026-03-30 23:27:40] [INFO]   进度: 370/444, 成功: 2960, 失败: 0
[2026-03-30 23:28:21] [INFO]   进度: 375/444, 成功: 3000, 失败: 0
[2026-03-30 23:29:05] [INFO]   进度: 380/444, 成功: 3040, 失败: 0
[2026-03-30 23:29:44] [INFO]   进度: 385/444, 成功: 3080, 失败: 0
[2026-03-30 23:30:26] [INFO]   进度: 390/444, 成功: 3120, 失败: 0
[2026-03-30 23:31:03] [INFO]   进度: 395/444, 成功: 3160, 失败: 0
[2026-03-30 23:31:44] [INFO]   进度: 400/444, 成功: 3200, 失败: 0
[2026-03-30 23:32:19] [INFO]   进度: 405/444, 成功: 3240, 失败: 0
[2026-03-30 23:32:56] [INFO]   进度: 410/444, 成功: 3280, 失败: 0
[2026-03-30 23:33:42] [INFO]   进度: 415/444, 成功: 3320, 失败: 0
[2026-03-30 23:34:19] [INFO]   进度: 420/444, 成功: 3360, 失败: 0
[2026-03-30 23:35:06] [INFO]   进度: 425/444, 成功: 3400, 失败: 0
[2026-03-30 23:35:48] [INFO]   进度: 430/444, 成功: 3440, 失败: 0
[2026-03-30 23:36:31] [INFO]   进度: 435/444, 成功: 3480, 失败: 0
[2026-03-30 23:37:18] [INFO]   进度: 440/444, 成功: 3520, 失败: 0
[2026-03-30 23:38:05] [INFO]   ✅ Group A 完成: 成功 3552, 失败 0，已保存
[2026-03-30 23:38:05] [INFO]   ⏸️ 冷却 5 秒（缓解 API Rate Limit）...
[2026-03-30 23:38:10] [INFO]   🔄 开始翻译 Group B (8 种语言)...
[2026-03-30 23:39:13] [INFO]   进度: 5/444, 成功: 40, 失败: 0
[2026-03-30 23:39:53] [INFO]   进度: 10/444, 成功: 80, 失败: 0
[2026-03-30 23:40:46] [INFO]   进度: 15/444, 成功: 120, 失败: 0
[2026-03-30 23:41:53] [INFO]   进度: 20/444, 成功: 160, 失败: 0
[2026-03-30 23:42:54] [INFO]   进度: 25/444, 成功: 200, 失败: 0
[2026-03-30 23:43:40] [INFO]   进度: 30/444, 成功: 240, 失败: 0
[2026-03-30 23:44:34] [INFO]   进度: 35/444, 成功: 280, 失败: 0
[2026-03-30 23:45:21] [INFO]   进度: 40/444, 成功: 320, 失败: 0
[2026-03-30 23:46:14] [INFO]   进度: 45/444, 成功: 360, 失败: 0
[2026-03-30 23:47:07] [INFO]   进度: 50/444, 成功: 400, 失败: 0
[2026-03-30 23:47:46] [INFO]   进度: 55/444, 成功: 440, 失败: 0
[2026-03-30 23:48:44] [INFO]   进度: 60/444, 成功: 480, 失败: 0
[2026-03-30 23:49:32] [INFO]   进度: 65/444, 成功: 520, 失败: 0
[2026-03-30 23:50:37] [INFO]   进度: 70/444, 成功: 560, 失败: 0
[2026-03-30 23:51:36] [INFO]   进度: 75/444, 成功: 600, 失败: 0
[2026-03-30 23:52:20] [INFO]   进度: 80/444, 成功: 640, 失败: 0
[2026-03-30 23:53:11] [INFO]   进度: 85/444, 成功: 680, 失败: 0
[2026-03-30 23:54:09] [INFO]   进度: 90/444, 成功: 720, 失败: 0
[2026-03-30 23:54:56] [INFO]   进度: 95/444, 成功: 760, 失败: 0
[2026-03-30 23:55:46] [INFO]   进度: 100/444, 成功: 800, 失败: 0
[2026-03-30 23:56:26] [INFO]   进度: 105/444, 成功: 840, 失败: 0
[2026-03-30 23:57:13] [INFO]   进度: 110/444, 成功: 880, 失败: 0
[2026-03-30 23:57:55] [INFO]   进度: 115/444, 成功: 920, 失败: 0
[2026-03-30 23:58:46] [INFO]   进度: 120/444, 成功: 960, 失败: 0
[2026-03-30 23:59:57] [INFO]   进度: 125/444, 成功: 1000, 失败: 0
[2026-03-31 00:00:48] [INFO]   进度: 130/444, 成功: 1040, 失败: 0
[2026-03-31 00:02:23] [INFO]   进度: 135/444, 成功: 1080, 失败: 0
[2026-03-31 00:03:15] [INFO]   进度: 140/444, 成功: 1120, 失败: 0
[2026-03-31 00:03:53] [INFO]   进度: 145/444, 成功: 1160, 失败: 0
[2026-03-31 00:04:38] [INFO]   进度: 150/444, 成功: 1200, 失败: 0
[2026-03-31 00:05:38] [INFO]   进度: 155/444, 成功: 1240, 失败: 0
[2026-03-31 00:06:20] [INFO]   进度: 160/444, 成功: 1280, 失败: 0
[2026-03-31 00:07:08] [INFO]   进度: 165/444, 成功: 1320, 失败: 0
[2026-03-31 00:07:56] [INFO]   进度: 170/444, 成功: 1360, 失败: 0
[2026-03-31 00:08:48] [INFO]   进度: 175/444, 成功: 1400, 失败: 0
[2026-03-31 00:09:46] [INFO]   进度: 180/444, 成功: 1440, 失败: 0
[2026-03-31 00:10:33] [INFO]   进度: 185/444, 成功: 1480, 失败: 0
[2026-03-31 00:11:30] [INFO]   进度: 190/444, 成功: 1520, 失败: 0
[2026-03-31 00:12:26] [INFO]   进度: 195/444, 成功: 1560, 失败: 0
[2026-03-31 00:13:15] [INFO]   进度: 200/444, 成功: 1600, 失败: 0
[2026-03-31 00:14:20] [INFO]   进度: 205/444, 成功: 1640, 失败: 0
[2026-03-31 00:15:02] [INFO]   进度: 210/444, 成功: 1680, 失败: 0
[2026-03-31 00:16:30] [INFO]   进度: 215/444, 成功: 1720, 失败: 0
[2026-03-31 00:17:06] [INFO]   进度: 220/444, 成功: 1760, 失败: 0
[2026-03-31 00:17:52] [INFO]   进度: 225/444, 成功: 1800, 失败: 0
[2026-03-31 00:18:56] [INFO]   进度: 230/444, 成功: 1840, 失败: 0
[2026-03-31 00:19:32] [INFO]   进度: 235/444, 成功: 1880, 失败: 0
[2026-03-31 00:20:12] [INFO]   进度: 240/444, 成功: 1920, 失败: 0
[2026-03-31 00:20:49] [INFO]   进度: 245/444, 成功: 1960, 失败: 0
[2026-03-31 00:21:51] [INFO]   进度: 250/444, 成功: 2000, 失败: 0
[2026-03-31 00:22:50] [INFO]   进度: 255/444, 成功: 2040, 失败: 0
[2026-03-31 00:23:47] [INFO]   进度: 260/444, 成功: 2080, 失败: 0
[2026-03-31 00:24:35] [INFO]   进度: 265/444, 成功: 2120, 失败: 0
[2026-03-31 00:25:34] [INFO]   进度: 270/444, 成功: 2160, 失败: 0
[2026-03-31 00:26:43] [INFO]   进度: 275/444, 成功: 2200, 失败: 0
[2026-03-31 00:27:26] [INFO]   进度: 280/444, 成功: 2240, 失败: 0
[2026-03-31 00:28:22] [INFO]   进度: 285/444, 成功: 2280, 失败: 0
[2026-03-31 00:29:07] [INFO]   进度: 290/444, 成功: 2320, 失败: 0
[2026-03-31 00:29:52] [INFO]   进度: 295/444, 成功: 2360, 失败: 0
[2026-03-31 00:30:39] [INFO]   进度: 300/444, 成功: 2400, 失败: 0
[2026-03-31 00:31:36] [INFO]   进度: 305/444, 成功: 2440, 失败: 0
[2026-03-31 00:32:36] [INFO]   进度: 310/444, 成功: 2480, 失败: 0
[2026-03-31 00:33:33] [INFO]   进度: 315/444, 成功: 2520, 失败: 0
[2026-03-31 00:34:11] [INFO]   进度: 320/444, 成功: 2560, 失败: 0
[2026-03-31 00:34:56] [INFO]   进度: 325/444, 成功: 2600, 失败: 0
[2026-03-31 00:36:00] [INFO]   进度: 330/444, 成功: 2640, 失败: 0
[2026-03-31 00:36:51] [INFO]   进度: 335/444, 成功: 2680, 失败: 0
[2026-03-31 00:37:51] [INFO]   进度: 340/444, 成功: 2720, 失败: 0
[2026-03-31 00:38:37] [INFO]   进度: 345/444, 成功: 2760, 失败: 0
[2026-03-31 00:39:33] [INFO]   进度: 350/444, 成功: 2800, 失败: 0
[2026-03-31 00:40:32] [INFO]   进度: 355/444, 成功: 2840, 失败: 0
[2026-03-31 00:41:41] [INFO]   进度: 360/444, 成功: 2880, 失败: 0
[2026-03-31 00:42:43] [INFO]   进度: 365/444, 成功: 2920, 失败: 0
[2026-03-31 00:43:39] [INFO]   进度: 370/444, 成功: 2960, 失败: 0
[2026-03-31 00:44:57] [INFO]   进度: 375/444, 成功: 3000, 失败: 0
[2026-03-31 00:46:00] [INFO]   进度: 380/444, 成功: 3040, 失败: 0
[2026-03-31 00:46:55] [INFO]   进度: 385/444, 成功: 3080, 失败: 0
[2026-03-31 00:47:50] [INFO]   进度: 390/444, 成功: 3120, 失败: 0
[2026-03-31 00:48:49] [INFO]   进度: 395/444, 成功: 3160, 失败: 0
[2026-03-31 00:49:34] [INFO]   进度: 400/444, 成功: 3200, 失败: 0
[2026-03-31 00:50:30] [INFO]   进度: 405/444, 成功: 3240, 失败: 0
[2026-03-31 00:51:20] [INFO]   进度: 410/444, 成功: 3280, 失败: 0
[2026-03-31 00:52:08] [INFO]   进度: 415/444, 成功: 3320, 失败: 0
[2026-03-31 00:52:57] [INFO]   进度: 420/444, 成功: 3360, 失败: 0
[2026-03-31 00:54:12] [INFO]   进度: 425/444, 成功: 3400, 失败: 0
[2026-03-31 00:55:14] [INFO]   进度: 430/444, 成功: 3440, 失败: 0
[2026-03-31 00:56:16] [INFO]   进度: 435/444, 成功: 3480, 失败: 0
[2026-03-31 00:58:19] [INFO]   进度: 440/444, 成功: 3520, 失败: 0
[2026-03-31 00:59:54] [INFO]   ✅ Group B 完成: 成功 3552, 失败 0，已保存
[2026-03-31 00:59:55] [INFO]   🔄 开始翻译 Group A (8 种语言)...
[2026-03-31 01:01:07] [INFO]   进度: 5/40, 成功: 40, 失败: 0
[2026-03-31 01:02:04] [INFO]   进度: 10/40, 成功: 80, 失败: 0
[2026-03-31 01:03:04] [INFO]   进度: 15/40, 成功: 120, 失败: 0
[2026-03-31 01:04:06] [INFO]   进度: 20/40, 成功: 160, 失败: 0
[2026-03-31 01:05:19] [INFO]   进度: 25/40, 成功: 200, 失败: 0
[2026-03-31 01:06:38] [INFO]   进度: 30/40, 成功: 240, 失败: 0
[2026-03-31 01:07:30] [INFO]   进度: 35/40, 成功: 280, 失败: 0
[2026-03-31 01:08:37] [INFO]   进度: 40/40, 成功: 320, 失败: 0
[2026-03-31 01:08:41] [INFO]   ✅ Group A 完成: 成功 320, 失败 0，已保存
[2026-03-31 01:08:41] [INFO]   ⏸️ 冷却 5 秒（缓解 API Rate Limit）...
[2026-03-31 01:08:46] [INFO]   🔄 开始翻译 Group B (8 种语言)...
[2026-03-31 01:10:30] [INFO]   进度: 5/40, 成功: 40, 失败: 0
[2026-03-31 01:11:52] [INFO]   进度: 10/40, 成功: 80, 失败: 0
[2026-03-31 01:13:38] [INFO]   进度: 15/40, 成功: 120, 失败: 0
[2026-03-31 01:15:10] [INFO]   进度: 20/40, 成功: 160, 失败: 0
[2026-03-31 01:16:47] [INFO]   进度: 25/40, 成功: 200, 失败: 0
[2026-03-31 01:19:11] [INFO]   进度: 30/40, 成功: 240, 失败: 0
[2026-03-31 01:20:50] [INFO]   进度: 35/40, 成功: 280, 失败: 0
[2026-03-31 01:23:01] [INFO]   进度: 40/40, 成功: 320, 失败: 0
[2026-03-31 01:23:05] [INFO]   ✅ Group B 完成: 成功 320, 失败 0，已保存
[2026-03-31 01:23:06] [INFO]   🔄 开始翻译 Group A (8 种语言)...
[2026-03-31 01:24:30] [INFO]   进度: 5/28, 成功: 40, 失败: 0
[2026-03-31 01:25:47] [INFO]   进度: 10/28, 成功: 80, 失败: 0
[2026-03-31 01:26:41] [INFO]   进度: 15/28, 成功: 120, 失败: 0
[2026-03-31 01:27:54] [INFO]   进度: 20/28, 成功: 160, 失败: 0
[2026-03-31 01:29:17] [INFO]   进度: 25/28, 成功: 200, 失败: 0
[2026-03-31 01:29:59] [INFO]   ✅ Group A 完成: 成功 224, 失败 0，已保存
[2026-03-31 01:29:59] [INFO]   ⏸️ 冷却 5 秒（缓解 API Rate Limit）...
[2026-03-31 01:30:04] [INFO]   🔄 开始翻译 Group B (8 种语言)...
[2026-03-31 01:32:38] [INFO]   进度: 5/28, 成功: 40, 失败: 0
[2026-03-31 01:35:02] [INFO]   进度: 10/28, 成功: 80, 失败: 0
[2026-03-31 01:36:37] [INFO]   进度: 15/28, 成功: 120, 失败: 0
[2026-03-31 01:38:35] [INFO]   进度: 20/28, 成功: 160, 失败: 0
[2026-03-31 01:40:52] [INFO]   进度: 25/28, 成功: 200, 失败: 0
[2026-03-31 01:42:00] [INFO]   ✅ Group B 完成: 成功 224, 失败 0，已保存
[2026-03-31 01:42:01] [INFO]   🔄 开始翻译 Group A (8 种语言)...
[2026-03-31 01:42:34] [INFO]   进度: 5/30, 成功: 40, 失败: 0
[2026-03-31 01:43:13] [INFO]   进度: 10/30, 成功: 80, 失败: 0
[2026-03-31 01:43:44] [INFO]   进度: 15/30, 成功: 120, 失败: 0
[2026-03-31 01:44:21] [INFO]   进度: 20/30, 成功: 160, 失败: 0
[2026-03-31 01:44:50] [INFO]   进度: 25/30, 成功: 200, 失败: 0
[2026-03-31 01:45:24] [INFO]   进度: 30/30, 成功: 240, 失败: 0
[2026-03-31 01:45:26] [INFO]   ✅ Group A 完成: 成功 240, 失败 0，已保存
[2026-03-31 01:45:26] [INFO]   ⏸️ 冷却 5 秒（缓解 API Rate Limit）...
[2026-03-31 01:45:31] [INFO]   🔄 开始翻译 Group B (8 种语言)...
[2026-03-31 01:46:30] [INFO]   进度: 5/30, 成功: 40, 失败: 0
[2026-03-31 01:47:31] [INFO]   进度: 10/30, 成功: 80, 失败: 0
[2026-03-31 01:48:07] [INFO]   进度: 15/30, 成功: 120, 失败: 0
[2026-03-31 01:48:54] [INFO]   进度: 20/30, 成功: 160, 失败: 0
[2026-03-31 01:49:33] [INFO]   进度: 25/30, 成功: 200, 失败: 0
[2026-03-31 01:50:16] [INFO]   进度: 30/30, 成功: 240, 失败: 0
[2026-03-31 01:50:19] [INFO]   ✅ Group B 完成: 成功 240, 失败 0，已保存
[2026-03-31 01:50:21] [INFO]   🔄 开始翻译 Group A (8 种语言)...
[2026-03-31 01:51:07] [INFO]   进度: 5/65, 成功: 40, 失败: 0
[2026-03-31 01:52:04] [INFO]   进度: 10/65, 成功: 80, 失败: 0
[2026-03-31 01:53:04] [INFO]   进度: 15/65, 成功: 120, 失败: 0
[2026-03-31 01:53:57] [INFO]   进度: 20/65, 成功: 160, 失败: 0
[2026-03-31 01:55:02] [INFO]   进度: 25/65, 成功: 200, 失败: 0
[2026-03-31 01:55:45] [INFO]   进度: 30/65, 成功: 240, 失败: 0
[2026-03-31 01:56:52] [INFO]   进度: 35/65, 成功: 280, 失败: 0
[2026-03-31 01:57:44] [INFO]   进度: 40/65, 成功: 320, 失败: 0
[2026-03-31 01:58:32] [INFO]   进度: 45/65, 成功: 360, 失败: 0
[2026-03-31 01:59:31] [INFO]   进度: 50/65, 成功: 400, 失败: 0
[2026-03-31 02:00:20] [INFO]   进度: 55/65, 成功: 440, 失败: 0
[2026-03-31 02:01:17] [INFO]   进度: 60/65, 成功: 480, 失败: 0
[2026-03-31 02:01:59] [INFO]   进度: 65/65, 成功: 520, 失败: 0
[2026-03-31 02:02:03] [INFO]   ✅ Group A 完成: 成功 520, 失败 0，已保存
[2026-03-31 02:02:03] [INFO]   ⏸️ 冷却 5 秒（缓解 API Rate Limit）...
[2026-03-31 02:02:08] [INFO]   🔄 开始翻译 Group B (8 种语言)...
[2026-03-31 02:03:08] [INFO]   进度: 5/65, 成功: 40, 失败: 0
[2026-03-31 02:04:54] [INFO]   进度: 10/65, 成功: 80, 失败: 0
[2026-03-31 02:06:45] [INFO]   进度: 15/65, 成功: 120, 失败: 0
[2026-03-31 02:08:12] [INFO]   进度: 20/65, 成功: 160, 失败: 0
[2026-03-31 02:10:30] [INFO]   进度: 25/65, 成功: 200, 失败: 0
[2026-03-31 02:11:32] [INFO]   进度: 30/65, 成功: 240, 失败: 0
[2026-03-31 02:13:25] [INFO]   进度: 35/65, 成功: 280, 失败: 0
[2026-03-31 02:14:46] [INFO]   进度: 40/65, 成功: 320, 失败: 0
[2026-03-31 02:16:13] [INFO]   进度: 45/65, 成功: 360, 失败: 0
[2026-03-31 02:18:12] [INFO]   进度: 50/65, 成功: 400, 失败: 0
[2026-03-31 02:19:46] [INFO]   进度: 55/65, 成功: 440, 失败: 0
[2026-03-31 02:21:15] [INFO]   进度: 60/65, 成功: 480, 失败: 0
[2026-03-31 02:22:23] [INFO]   进度: 65/65, 成功: 520, 失败: 0
[2026-03-31 02:22:27] [INFO]   ✅ Group B 完成: 成功 520, 失败 0，已保存
[2026-03-31 02:22:29] [INFO]   🔄 开始翻译 Group A (8 种语言)...
[2026-03-31 02:23:44] [INFO]   进度: 5/41, 成功: 40, 失败: 0
[2026-03-31 02:24:52] [INFO]   进度: 10/41, 成功: 80, 失败: 0
[2026-03-31 02:25:46] [INFO]   进度: 15/41, 成功: 120, 失败: 0
[2026-03-31 02:27:09] [INFO]   进度: 20/41, 成功: 160, 失败: 0
[2026-03-31 02:28:36] [INFO]   进度: 25/41, 成功: 200, 失败: 0
[2026-03-31 02:29:53] [INFO]   进度: 30/41, 成功: 240, 失败: 0
[2026-03-31 02:30:57] [INFO]   进度: 35/41, 成功: 280, 失败: 0
[2026-03-31 02:32:06] [INFO]   进度: 40/41, 成功: 320, 失败: 0
[2026-03-31 02:32:18] [INFO]   ✅ Group A 完成: 成功 328, 失败 0，已保存
[2026-03-31 02:32:18] [INFO]   ⏸️ 冷却 5 秒（缓解 API Rate Limit）...
[2026-03-31 02:32:23] [INFO]   🔄 开始翻译 Group B (8 种语言)...
[2026-03-31 02:34:11] [INFO]   进度: 5/41, 成功: 40, 失败: 0
[2026-03-31 02:36:11] [INFO]   进度: 10/41, 成功: 80, 失败: 0
[2026-03-31 02:37:50] [INFO]   进度: 15/41, 成功: 120, 失败: 0
[2026-03-31 02:40:58] [INFO]   进度: 20/41, 成功: 160, 失败: 0
[2026-03-31 02:44:07] [INFO]   进度: 25/41, 成功: 200, 失败: 0
[2026-03-31 02:46:50] [INFO]   进度: 30/41, 成功: 240, 失败: 0
[2026-03-31 02:48:43] [INFO]   进度: 35/41, 成功: 280, 失败: 0
[2026-03-31 02:50:52] [INFO]   进度: 40/41, 成功: 320, 失败: 0
[2026-03-31 02:51:06] [INFO]   ✅ Group B 完成: 成功 328, 失败 0，已保存
[2026-03-31 02:51:08] [INFO]   🔄 开始翻译 Group A (8 种语言)...
[2026-03-31 02:52:12] [INFO]   进度: 5/56, 成功: 40, 失败: 0
[2026-03-31 02:53:21] [INFO]   进度: 10/56, 成功: 80, 失败: 0
[2026-03-31 02:54:20] [INFO]   进度: 15/56, 成功: 120, 失败: 0
[2026-03-31 02:55:19] [INFO]   进度: 20/56, 成功: 160, 失败: 0
[2026-03-31 02:56:20] [INFO]   进度: 25/56, 成功: 200, 失败: 0
[2026-03-31 02:57:08] [INFO]   进度: 30/56, 成功: 240, 失败: 0
[2026-03-31 02:57:50] [INFO]   进度: 35/56, 成功: 280, 失败: 0
[2026-03-31 02:58:49] [INFO]   进度: 40/56, 成功: 320, 失败: 0
[2026-03-31 02:59:34] [INFO]   进度: 45/56, 成功: 360, 失败: 0
[2026-03-31 03:00:33] [INFO]   进度: 50/56, 成功: 400, 失败: 0
[2026-03-31 03:01:18] [INFO]   进度: 55/56, 成功: 440, 失败: 0
[2026-03-31 03:01:32] [INFO]   ✅ Group A 完成: 成功 448, 失败 0，已保存
[2026-03-31 03:01:32] [INFO]   ⏸️ 冷却 5 秒（缓解 API Rate Limit）...
[2026-03-31 03:01:37] [INFO]   🔄 开始翻译 Group B (8 种语言)...
[2026-03-31 03:03:41] [INFO]   进度: 5/56, 成功: 40, 失败: 0
[2026-03-31 03:05:59] [INFO]   进度: 10/56, 成功: 80, 失败: 0
[2026-03-31 03:07:27] [INFO]   进度: 15/56, 成功: 120, 失败: 0
[2026-03-31 03:09:37] [INFO]   进度: 20/56, 成功: 160, 失败: 0
[2026-03-31 03:11:20] [INFO]   进度: 25/56, 成功: 200, 失败: 0
[2026-03-31 03:12:50] [INFO]   进度: 30/56, 成功: 240, 失败: 0
[2026-03-31 03:13:54] [INFO]   进度: 35/56, 成功: 280, 失败: 0
[2026-03-31 03:15:26] [INFO]   进度: 40/56, 成功: 320, 失败: 0
[2026-03-31 03:16:51] [INFO]   进度: 45/56, 成功: 360, 失败: 0
[2026-03-31 03:18:22] [INFO]   进度: 50/56, 成功: 400, 失败: 0
[2026-03-31 03:19:52] [INFO]   进度: 55/56, 成功: 440, 失败: 0
[2026-03-31 03:20:14] [INFO]   ✅ Group B 完成: 成功 448, 失败 0，已保存
[2026-03-31 03:20:16] [INFO]   🔄 开始翻译 Group A (8 种语言)...
[2026-03-31 03:21:11] [INFO]   进度: 5/44, 成功: 40, 失败: 0
[2026-03-31 03:22:06] [INFO]   进度: 10/44, 成功: 80, 失败: 0
[2026-03-31 03:23:39] [INFO]   进度: 15/44, 成功: 120, 失败: 0
[2026-03-31 03:24:45] [INFO]   进度: 20/44, 成功: 160, 失败: 0
[2026-03-31 03:25:59] [INFO]   进度: 25/44, 成功: 200, 失败: 0
[2026-03-31 03:26:51] [INFO]   进度: 30/44, 成功: 240, 失败: 0
[2026-03-31 03:27:59] [INFO]   进度: 35/44, 成功: 280, 失败: 0
[2026-03-31 03:28:55] [INFO]   进度: 40/44, 成功: 320, 失败: 0
[2026-03-31 03:29:50] [INFO]   ✅ Group A 完成: 成功 352, 失败 0，已保存
[2026-03-31 03:29:50] [INFO]   ⏸️ 冷却 5 秒（缓解 API Rate Limit）...
[2026-03-31 03:29:55] [INFO]   🔄 开始翻译 Group B (8 种语言)...
[2026-03-31 03:31:58] [INFO]   进度: 5/44, 成功: 40, 失败: 0
[2026-03-31 03:33:58] [INFO]   进度: 10/44, 成功: 80, 失败: 0
[2026-03-31 03:36:26] [INFO]   进度: 15/44, 成功: 120, 失败: 0
[2026-03-31 03:38:28] [INFO]   进度: 20/44, 成功: 160, 失败: 0
[2026-03-31 03:40:39] [INFO]   进度: 25/44, 成功: 200, 失败: 0
[2026-03-31 03:42:21] [INFO]   进度: 30/44, 成功: 240, 失败: 0
[2026-03-31 03:44:03] [INFO]   进度: 35/44, 成功: 280, 失败: 0
[2026-03-31 03:45:53] [INFO]   进度: 40/44, 成功: 320, 失败: 0
[2026-03-31 03:47:25] [INFO]   ✅ Group B 完成: 成功 352, 失败 0，已保存
[2026-03-31 03:47:27] [INFO]   🔄 开始翻译 Group A (8 种语言)...
[2026-03-31 03:48:06] [INFO]   进度: 5/50, 成功: 40, 失败: 0
[2026-03-31 03:48:54] [INFO]   进度: 10/50, 成功: 80, 失败: 0
[2026-03-31 03:49:39] [INFO]   进度: 15/50, 成功: 120, 失败: 0
[2026-03-31 03:50:37] [INFO]   进度: 20/50, 成功: 160, 失败: 0
[2026-03-31 03:51:22] [INFO]   进度: 25/50, 成功: 200, 失败: 0
[2026-03-31 03:52:23] [INFO]   进度: 30/50, 成功: 240, 失败: 0
[2026-03-31 03:53:29] [INFO]   进度: 35/50, 成功: 280, 失败: 0
[2026-03-31 03:54:16] [INFO]   进度: 40/50, 成功: 320, 失败: 0
[2026-03-31 03:55:20] [INFO]   进度: 45/50, 成功: 360, 失败: 0
[2026-03-31 03:56:16] [INFO]   进度: 50/50, 成功: 400, 失败: 0
[2026-03-31 03:56:20] [INFO]   ✅ Group A 完成: 成功 400, 失败 0，已保存
[2026-03-31 03:56:20] [INFO]   ⏸️ 冷却 5 秒（缓解 API Rate Limit）...
[2026-03-31 03:56:25] [INFO]   🔄 开始翻译 Group B (8 种语言)...
[2026-03-31 03:57:24] [INFO]   进度: 5/50, 成功: 40, 失败: 0
[2026-03-31 03:58:40] [INFO]   进度: 10/50, 成功: 80, 失败: 0
[2026-03-31 03:59:35] [INFO]   进度: 15/50, 成功: 120, 失败: 0
[2026-03-31 04:01:06] [INFO]   进度: 20/50, 成功: 160, 失败: 0
[2026-03-31 04:02:20] [INFO]   进度: 25/50, 成功: 200, 失败: 0
[2026-03-31 04:03:41] [INFO]   进度: 30/50, 成功: 240, 失败: 0
[2026-03-31 04:05:43] [INFO]   进度: 35/50, 成功: 280, 失败: 0
[2026-03-31 04:06:56] [INFO]   进度: 40/50, 成功: 320, 失败: 0
[2026-03-31 04:09:17] [INFO]   进度: 45/50, 成功: 360, 失败: 0
[2026-03-31 04:11:07] [INFO]   进度: 50/50, 成功: 400, 失败: 0
[2026-03-31 04:11:11] [INFO]   ✅ Group B 完成: 成功 400, 失败 0，已保存
[2026-03-31 04:11:12] [INFO]   🔄 开始翻译 Group A (8 种语言)...
[2026-03-31 04:12:30] [INFO]   进度: 5/46, 成功: 40, 失败: 0
[2026-03-31 04:13:35] [INFO]   进度: 10/46, 成功: 80, 失败: 0
[2026-03-31 04:14:50] [INFO]   进度: 15/46, 成功: 120, 失败: 0
[2026-03-31 04:16:09] [INFO]   进度: 20/46, 成功: 160, 失败: 0
[2026-03-31 04:17:12] [INFO]   进度: 25/46, 成功: 200, 失败: 0
[2026-03-31 04:18:23] [INFO]   进度: 30/46, 成功: 240, 失败: 0
[2026-03-31 04:19:23] [INFO]   进度: 35/46, 成功: 280, 失败: 0
[2026-03-31 04:20:20] [INFO]   进度: 40/46, 成功: 320, 失败: 0
[2026-03-31 04:21:12] [INFO]   进度: 45/46, 成功: 360, 失败: 0
[2026-03-31 04:21:22] [INFO]   ✅ Group A 完成: 成功 368, 失败 0，已保存
[2026-03-31 04:21:22] [INFO]   ⏸️ 冷却 5 秒（缓解 API Rate Limit）...
[2026-03-31 04:21:27] [INFO]   🔄 开始翻译 Group B (8 种语言)...
[2026-03-31 04:23:24] [INFO]   进度: 5/46, 成功: 40, 失败: 0
[2026-03-31 04:25:13] [INFO]   进度: 10/46, 成功: 80, 失败: 0
[2026-03-31 04:27:24] [INFO]   进度: 15/46, 成功: 120, 失败: 0
[2026-03-31 04:29:48] [INFO]   进度: 20/46, 成功: 160, 失败: 0
[2026-03-31 04:31:41] [INFO]   进度: 25/46, 成功: 200, 失败: 0
[2026-03-31 04:34:02] [INFO]   进度: 30/46, 成功: 240, 失败: 0
[2026-03-31 04:35:38] [INFO]   进度: 35/46, 成功: 280, 失败: 0
[2026-03-31 04:36:53] [INFO]   进度: 40/46, 成功: 320, 失败: 0
[2026-03-31 04:38:06] [INFO]   进度: 45/46, 成功: 360, 失败: 0
[2026-03-31 04:38:16] [INFO]   ✅ Group B 完成: 成功 368, 失败 0，已保存
[2026-03-31 04:38:17] [INFO]   🔄 开始翻译 Group A (8 种语言)...
[2026-03-31 04:38:52] [INFO]   进度: 5/40, 成功: 40, 失败: 0
[2026-03-31 04:39:45] [INFO]   进度: 10/40, 成功: 80, 失败: 0
[2026-03-31 04:40:35] [INFO]   进度: 15/40, 成功: 120, 失败: 0
[2026-03-31 04:41:26] [INFO]   进度: 20/40, 成功: 160, 失败: 0
[2026-03-31 04:42:12] [INFO]   进度: 25/40, 成功: 200, 失败: 0
[2026-03-31 04:42:46] [INFO]   进度: 30/40, 成功: 240, 失败: 0
[2026-03-31 04:43:31] [INFO]   进度: 35/40, 成功: 280, 失败: 0
[2026-03-31 04:44:31] [INFO]   进度: 40/40, 成功: 320, 失败: 0
[2026-03-31 04:44:35] [INFO]   ✅ Group A 完成: 成功 320, 失败 0，已保存
[2026-03-31 04:44:35] [INFO]   ⏸️ 冷却 5 秒（缓解 API Rate Limit）...
[2026-03-31 04:44:40] [INFO]   🔄 开始翻译 Group B (8 种语言)...
[2026-03-31 04:45:30] [INFO]   进度: 5/40, 成功: 40, 失败: 0
[2026-03-31 04:46:47] [INFO]   进度: 10/40, 成功: 80, 失败: 0
[2026-03-31 04:47:48] [INFO]   进度: 15/40, 成功: 120, 失败: 0
[2026-03-31 04:49:00] [INFO]   进度: 20/40, 成功: 160, 失败: 0
[2026-03-31 04:50:04] [INFO]   进度: 25/40, 成功: 200, 失败: 0
[2026-03-31 04:51:08] [INFO]   进度: 30/40, 成功: 240, 失败: 0
[2026-03-31 04:52:29] [INFO]   进度: 35/40, 成功: 280, 失败: 0
[2026-03-31 04:53:57] [INFO]   进度: 40/40, 成功: 320, 失败: 0
[2026-03-31 04:54:01] [INFO]   ✅ Group B 完成: 成功 320, 失败 0，已保存
[2026-03-31 04:54:03] [INFO]   🔄 开始翻译 Group A (8 种语言)...
[2026-03-31 04:54:48] [INFO]   进度: 5/72, 成功: 40, 失败: 0
[2026-03-31 04:55:21] [INFO]   进度: 10/72, 成功: 80, 失败: 0
[2026-03-31 04:56:01] [INFO]   进度: 15/72, 成功: 120, 失败: 0
[2026-03-31 04:56:43] [INFO]   进度: 20/72, 成功: 160, 失败: 0
[2026-03-31 04:57:26] [INFO]   进度: 25/72, 成功: 200, 失败: 0
[2026-03-31 04:58:08] [INFO]   进度: 30/72, 成功: 240, 失败: 0
[2026-03-31 04:58:57] [INFO]   进度: 35/72, 成功: 280, 失败: 0
[2026-03-31 04:59:44] [INFO]   进度: 40/72, 成功: 320, 失败: 0
[2026-03-31 05:00:28] [INFO]   进度: 45/72, 成功: 360, 失败: 0
[2026-03-31 05:01:11] [INFO]   进度: 50/72, 成功: 400, 失败: 0
[2026-03-31 05:02:04] [INFO]   进度: 55/72, 成功: 440, 失败: 0
[2026-03-31 05:02:58] [INFO]   进度: 60/72, 成功: 480, 失败: 0
[2026-03-31 05:03:49] [INFO]   进度: 65/72, 成功: 520, 失败: 0
[2026-03-31 05:04:35] [INFO]   进度: 70/72, 成功: 560, 失败: 0
[2026-03-31 05:04:53] [INFO]   ✅ Group A 完成: 成功 576, 失败 0，已保存
[2026-03-31 05:04:53] [INFO]   ⏸️ 冷却 5 秒（缓解 API Rate Limit）...
[2026-03-31 05:04:58] [INFO]   🔄 开始翻译 Group B (8 种语言)...
[2026-03-31 05:06:26] [INFO]   进度: 5/72, 成功: 40, 失败: 0
[2026-03-31 05:07:14] [INFO]   进度: 10/72, 成功: 80, 失败: 0
[2026-03-31 05:08:14] [INFO]   进度: 15/72, 成功: 120, 失败: 0
[2026-03-31 05:09:13] [INFO]   进度: 20/72, 成功: 160, 失败: 0
[2026-03-31 05:10:13] [INFO]   进度: 25/72, 成功: 200, 失败: 0
[2026-03-31 05:11:25] [INFO]   进度: 30/72, 成功: 240, 失败: 0
[2026-03-31 05:13:20] [INFO]   进度: 35/72, 成功: 280, 失败: 0
[2026-03-31 05:14:35] [INFO]   进度: 40/72, 成功: 320, 失败: 0
[2026-03-31 05:16:00] [INFO]   进度: 45/72, 成功: 360, 失败: 0
[2026-03-31 05:17:00] [INFO]   进度: 50/72, 成功: 400, 失败: 0
[2026-03-31 05:18:01] [INFO]   进度: 55/72, 成功: 440, 失败: 0
[2026-03-31 05:19:33] [INFO]   进度: 60/72, 成功: 480, 失败: 0
[2026-03-31 05:20:55] [INFO]   进度: 65/72, 成功: 520, 失败: 0
[2026-03-31 05:22:15] [INFO]   进度: 70/72, 成功: 560, 失败: 0
[2026-03-31 05:22:32] [INFO]   ✅ Group B 完成: 成功 576, 失败 0，已保存
[2026-03-31 05:22:33] [INFO]   🔄 开始翻译 Group A (8 种语言)...
[2026-03-31 05:23:38] [INFO]   进度: 5/42, 成功: 40, 失败: 0
[2026-03-31 05:24:32] [INFO]   进度: 10/42, 成功: 80, 失败: 0
[2026-03-31 05:25:37] [INFO]   进度: 15/42, 成功: 120, 失败: 0
[2026-03-31 05:26:45] [INFO]   进度: 20/42, 成功: 160, 失败: 0
[2026-03-31 05:27:55] [INFO]   进度: 25/42, 成功: 200, 失败: 0
[2026-03-31 05:28:49] [INFO]   进度: 30/42, 成功: 240, 失败: 0
[2026-03-31 05:29:50] [INFO]   进度: 35/42, 成功: 280, 失败: 0
[2026-03-31 05:30:57] [INFO]   进度: 40/42, 成功: 320, 失败: 0
[2026-03-31 05:31:20] [INFO]   ✅ Group A 完成: 成功 336, 失败 0，已保存
[2026-03-31 05:31:20] [INFO]   ⏸️ 冷却 5 秒（缓解 API Rate Limit）...
[2026-03-31 05:31:25] [INFO]   🔄 开始翻译 Group B (8 种语言)...
[2026-03-31 05:33:25] [INFO]   进度: 5/42, 成功: 40, 失败: 0
[2026-03-31 05:34:46] [INFO]   进度: 10/42, 成功: 80, 失败: 0
[2026-03-31 05:36:42] [INFO]   进度: 15/42, 成功: 120, 失败: 0
[2026-03-31 05:38:25] [INFO]   进度: 20/42, 成功: 160, 失败: 0
[2026-03-31 05:40:56] [INFO]   进度: 25/42, 成功: 200, 失败: 0
[2026-03-31 05:42:40] [INFO]   进度: 30/42, 成功: 240, 失败: 0
[2026-03-31 05:44:41] [INFO]   进度: 35/42, 成功: 280, 失败: 0
[2026-03-31 05:46:29] [INFO]   进度: 40/42, 成功: 320, 失败: 0
[2026-03-31 05:47:06] [INFO]   ✅ Group B 完成: 成功 336, 失败 0，已保存
[2026-03-31 05:47:08] [INFO]   🔄 开始翻译 Group A (8 种语言)...
[2026-03-31 05:48:18] [INFO]   进度: 5/47, 成功: 40, 失败: 0
[2026-03-31 05:49:12] [INFO]   进度: 10/47, 成功: 80, 失败: 0
[2026-03-31 05:50:13] [INFO]   进度: 15/47, 成功: 120, 失败: 0
[2026-03-31 05:51:38] [INFO]   进度: 20/47, 成功: 160, 失败: 0
[2026-03-31 05:52:43] [INFO]   进度: 25/47, 成功: 200, 失败: 0
[2026-03-31 05:53:43] [INFO]   进度: 30/47, 成功: 240, 失败: 0
[2026-03-31 05:54:53] [INFO]   进度: 35/47, 成功: 280, 失败: 0
[2026-03-31 05:55:52] [INFO]   进度: 40/47, 成功: 320, 失败: 0
[2026-03-31 05:57:04] [INFO]   进度: 45/47, 成功: 360, 失败: 0
[2026-03-31 05:57:32] [INFO]   ✅ Group A 完成: 成功 376, 失败 0，已保存
[2026-03-31 05:57:32] [INFO]   ⏸️ 冷却 5 秒（缓解 API Rate Limit）...
[2026-03-31 05:57:37] [INFO]   🔄 开始翻译 Group B (8 种语言)...
[2026-03-31 05:59:08] [INFO]   进度: 5/47, 成功: 40, 失败: 0
[2026-03-31 06:00:48] [INFO]   进度: 10/47, 成功: 80, 失败: 0
[2026-03-31 06:02:31] [INFO]   进度: 15/47, 成功: 120, 失败: 0
[2026-03-31 06:04:46] [INFO]   进度: 20/47, 成功: 160, 失败: 0
[2026-03-31 06:06:45] [INFO]   进度: 25/47, 成功: 200, 失败: 0
[2026-03-31 06:08:09] [INFO]   进度: 30/47, 成功: 240, 失败: 0
[2026-03-31 06:10:40] [INFO]   进度: 35/47, 成功: 280, 失败: 0
[2026-03-31 06:13:11] [INFO]   进度: 40/47, 成功: 320, 失败: 0
[2026-03-31 06:15:30] [INFO]   进度: 45/47, 成功: 360, 失败: 0
[2026-03-31 06:16:22] [INFO]   ✅ Group B 完成: 成功 376, 失败 0，已保存
[2026-03-31 06:16:23] [INFO]   🔄 开始翻译 Group A (8 种语言)...
[2026-03-31 06:16:58] [INFO]   进度: 5/10, 成功: 40, 失败: 0
[2026-03-31 06:17:41] [INFO]   进度: 10/10, 成功: 80, 失败: 0
[2026-03-31 06:17:43] [INFO]   ✅ Group A 完成: 成功 80, 失败 0，已保存
[2026-03-31 06:17:43] [INFO]   ⏸️ 冷却 5 秒（缓解 API Rate Limit）...
[2026-03-31 06:17:48] [INFO]   🔄 开始翻译 Group B (8 种语言)...
[2026-03-31 06:18:38] [INFO]   进度: 5/10, 成功: 40, 失败: 0
[2026-03-31 06:19:56] [INFO]   进度: 10/10, 成功: 80, 失败: 0
[2026-03-31 06:19:58] [INFO]   ✅ Group B 完成: 成功 80, 失败 0，已保存
[2026-03-31 06:19:59] [INFO]   🔄 开始翻译 Group A (8 种语言)...
[2026-03-31 06:21:13] [INFO]   进度: 5/44, 成功: 40, 失败: 0
[2026-03-31 06:22:33] [INFO]   进度: 10/44, 成功: 80, 失败: 0
[2026-03-31 06:23:40] [INFO]   进度: 15/44, 成功: 120, 失败: 0
[2026-03-31 06:24:39] [INFO]   进度: 20/44, 成功: 160, 失败: 0
[2026-03-31 06:25:32] [INFO]   进度: 25/44, 成功: 200, 失败: 0
[2026-03-31 06:26:36] [INFO]   进度: 30/44, 成功: 240, 失败: 0
[2026-03-31 06:27:42] [INFO]   进度: 35/44, 成功: 280, 失败: 0
[2026-03-31 06:28:44] [INFO]   进度: 40/44, 成功: 320, 失败: 0
[2026-03-31 06:29:29] [INFO]   ✅ Group A 完成: 成功 352, 失败 0，已保存
[2026-03-31 06:29:29] [INFO]   ⏸️ 冷却 5 秒（缓解 API Rate Limit）...
[2026-03-31 06:29:34] [INFO]   🔄 开始翻译 Group B (8 种语言)...
[2026-03-31 06:31:59] [INFO]   进度: 5/44, 成功: 40, 失败: 0
[2026-03-31 06:33:58] [INFO]   进度: 10/44, 成功: 80, 失败: 0
[2026-03-31 06:35:52] [INFO]   进度: 15/44, 成功: 120, 失败: 0
[2026-03-31 06:37:32] [INFO]   进度: 20/44, 成功: 160, 失败: 0
[2026-03-31 06:39:19] [INFO]   进度: 25/44, 成功: 200, 失败: 0
[2026-03-31 06:41:12] [INFO]   进度: 30/44, 成功: 240, 失败: 0
[2026-03-31 06:42:57] [INFO]   进度: 35/44, 成功: 280, 失败: 0
[2026-03-31 06:45:02] [INFO]   进度: 40/44, 成功: 320, 失败: 0
[2026-03-31 06:46:27] [INFO]   ✅ Group B 完成: 成功 352, 失败 0，已保存
[2026-03-31 06:46:28] [INFO]   🔄 开始翻译 Group A (8 种语言)...
[2026-03-31 06:47:36] [INFO]   进度: 5/58, 成功: 40, 失败: 0
[2026-03-31 06:48:21] [INFO]   进度: 10/58, 成功: 80, 失败: 0
[2026-03-31 06:49:09] [INFO]   进度: 15/58, 成功: 120, 失败: 0
[2026-03-31 06:49:56] [INFO]   进度: 20/58, 成功: 160, 失败: 0
[2026-03-31 06:50:44] [INFO]   进度: 25/58, 成功: 200, 失败: 0
[2026-03-31 06:51:38] [INFO]   进度: 30/58, 成功: 240, 失败: 0
[2026-03-31 06:52:30] [INFO]   进度: 35/58, 成功: 280, 失败: 0
[2026-03-31 06:53:22] [INFO]   进度: 40/58, 成功: 320, 失败: 0
[2026-03-31 06:54:26] [INFO]   进度: 45/58, 成功: 360, 失败: 0
[2026-03-31 06:55:23] [INFO]   进度: 50/58, 成功: 400, 失败: 0
[2026-03-31 06:56:18] [INFO]   进度: 55/58, 成功: 440, 失败: 0
[2026-03-31 06:56:52] [INFO]   ✅ Group A 完成: 成功 464, 失败 0，已保存
[2026-03-31 06:56:52] [INFO]   ⏸️ 冷却 5 秒（缓解 API Rate Limit）...
[2026-03-31 06:56:57] [INFO]   🔄 开始翻译 Group B (8 种语言)...
[2026-03-31 06:58:47] [INFO]   进度: 5/58, 成功: 40, 失败: 0
[2026-03-31 07:00:17] [INFO]   进度: 10/58, 成功: 80, 失败: 0
[2026-03-31 07:02:06] [INFO]   进度: 15/58, 成功: 120, 失败: 0
[2026-03-31 07:04:11] [INFO]   进度: 20/58, 成功: 160, 失败: 0
[2026-03-31 07:05:28] [INFO]   进度: 25/58, 成功: 200, 失败: 0
[2026-03-31 07:06:36] [INFO]   进度: 30/58, 成功: 240, 失败: 0
[2026-03-31 07:07:55] [INFO]   进度: 35/58, 成功: 280, 失败: 0
[2026-03-31 07:09:41] [INFO]   进度: 40/58, 成功: 320, 失败: 0
[2026-03-31 07:11:40] [INFO]   进度: 45/58, 成功: 360, 失败: 0
[2026-03-31 07:13:19] [INFO]   进度: 50/58, 成功: 400, 失败: 0
[2026-03-31 07:14:50] [INFO]   进度: 55/58, 成功: 440, 失败: 0
[2026-03-31 07:15:41] [INFO]   ✅ Group B 完成: 成功 464, 失败 0，已保存
[2026-03-31 07:15:43] [INFO]   🔄 开始翻译 Group A (8 种语言)...
[2026-03-31 07:16:28] [INFO]   进度: 5/56, 成功: 40, 失败: 0
[2026-03-31 07:17:17] [INFO]   进度: 10/56, 成功: 80, 失败: 0
[2026-03-31 07:18:08] [INFO]   进度: 15/56, 成功: 120, 失败: 0
[2026-03-31 07:18:56] [INFO]   进度: 20/56, 成功: 160, 失败: 0
[2026-03-31 07:19:38] [INFO]   进度: 25/56, 成功: 200, 失败: 0
[2026-03-31 07:20:40] [INFO]   进度: 30/56, 成功: 240, 失败: 0
[2026-03-31 07:21:20] [INFO]   进度: 35/56, 成功: 280, 失败: 0
[2026-03-31 07:22:13] [INFO]   进度: 40/56, 成功: 320, 失败: 0
[2026-03-31 07:23:24] [INFO]   进度: 45/56, 成功: 360, 失败: 0
[2026-03-31 07:24:30] [INFO]   进度: 50/56, 成功: 400, 失败: 0
[2026-03-31 07:25:19] [INFO]   进度: 55/56, 成功: 440, 失败: 0
[2026-03-31 07:25:34] [INFO]   ✅ Group A 完成: 成功 448, 失败 0，已保存
[2026-03-31 07:25:34] [INFO]   ⏸️ 冷却 5 秒（缓解 API Rate Limit）...
[2026-03-31 07:25:39] [INFO]   🔄 开始翻译 Group B (8 种语言)...
[2026-03-31 07:26:37] [INFO]   进度: 5/56, 成功: 40, 失败: 0
[2026-03-31 07:27:45] [INFO]   进度: 10/56, 成功: 80, 失败: 0
[2026-03-31 07:29:08] [INFO]   进度: 15/56, 成功: 120, 失败: 0
[2026-03-31 07:30:09] [INFO]   进度: 20/56, 成功: 160, 失败: 0
[2026-03-31 07:31:32] [INFO]   进度: 25/56, 成功: 200, 失败: 0
[2026-03-31 07:32:52] [INFO]   进度: 30/56, 成功: 240, 失败: 0
[2026-03-31 07:34:02] [INFO]   进度: 35/56, 成功: 280, 失败: 0
[2026-03-31 07:35:12] [INFO]   进度: 40/56, 成功: 320, 失败: 0
[2026-03-31 07:37:00] [INFO]   进度: 45/56, 成功: 360, 失败: 0
[2026-03-31 07:38:49] [INFO]   进度: 50/56, 成功: 400, 失败: 0
[2026-03-31 07:40:35] [INFO]   进度: 55/56, 成功: 440, 失败: 0
[2026-03-31 07:40:56] [INFO]   ✅ Group B 完成: 成功 448, 失败 0，已保存
[2026-03-31 07:40:58] [INFO]   🔄 开始翻译 Group A (8 种语言)...
[2026-03-31 07:41:54] [INFO]   进度: 5/30, 成功: 40, 失败: 0
[2026-03-31 07:42:47] [INFO]   进度: 10/30, 成功: 80, 失败: 0
[2026-03-31 07:43:53] [INFO]   进度: 15/30, 成功: 120, 失败: 0
[2026-03-31 07:44:58] [INFO]   进度: 20/30, 成功: 160, 失败: 0
[2026-03-31 07:45:50] [INFO]   进度: 25/30, 成功: 200, 失败: 0
[2026-03-31 07:46:42] [INFO]   进度: 30/30, 成功: 240, 失败: 0
[2026-03-31 07:46:46] [INFO]   ✅ Group A 完成: 成功 240, 失败 0，已保存
[2026-03-31 07:46:46] [INFO]   ⏸️ 冷却 5 秒（缓解 API Rate Limit）...
[2026-03-31 07:46:51] [INFO]   🔄 开始翻译 Group B (8 种语言)...
[2026-03-31 07:48:03] [INFO]   进度: 5/30, 成功: 40, 失败: 0
[2026-03-31 07:49:03] [INFO]   进度: 10/30, 成功: 80, 失败: 0
[2026-03-31 07:51:03] [INFO]   进度: 15/30, 成功: 120, 失败: 0
[2026-03-31 07:52:55] [INFO]   进度: 20/30, 成功: 160, 失败: 0
[2026-03-31 07:54:05] [INFO]   进度: 25/30, 成功: 200, 失败: 0
[2026-03-31 07:55:26] [INFO]   进度: 30/30, 成功: 240, 失败: 0
[2026-03-31 07:55:30] [INFO]   ✅ Group B 完成: 成功 240, 失败 0，已保存
[2026-03-31 07:55:31] [INFO]   🔄 开始翻译 Group A (8 种语言)...
[2026-03-31 07:56:10] [INFO]   进度: 5/18, 成功: 40, 失败: 0
[2026-03-31 07:57:06] [INFO]   进度: 10/18, 成功: 80, 失败: 0
[2026-03-31 07:58:09] [INFO]   进度: 15/18, 成功: 120, 失败: 0
[2026-03-31 07:58:34] [INFO]   ✅ Group A 完成: 成功 144, 失败 0，已保存
[2026-03-31 07:58:34] [INFO]   ⏸️ 冷却 5 秒（缓解 API Rate Limit）...
[2026-03-31 07:58:39] [INFO]   🔄 开始翻译 Group B (8 种语言)...
[2026-03-31 07:59:50] [INFO]   进度: 5/18, 成功: 40, 失败: 0
[2026-03-31 08:01:14] [INFO]   进度: 10/18, 成功: 80, 失败: 0
[2026-03-31 08:03:09] [INFO]   进度: 15/18, 成功: 120, 失败: 0
[2026-03-31 08:03:52] [INFO]   ✅ Group B 完成: 成功 144, 失败 0，已保存
[2026-03-31 08:03:53] [INFO]   🔄 开始翻译 Group A (8 种语言)...
[2026-03-31 08:04:25] [INFO]   进度: 5/25, 成功: 40, 失败: 0
[2026-03-31 08:05:22] [INFO]   进度: 10/25, 成功: 80, 失败: 0
[2026-03-31 08:06:06] [INFO]   进度: 15/25, 成功: 120, 失败: 0
[2026-03-31 08:06:50] [INFO]   进度: 20/25, 成功: 160, 失败: 0
[2026-03-31 08:07:33] [INFO]   进度: 25/25, 成功: 200, 失败: 0
[2026-03-31 08:07:35] [INFO]   ✅ Group A 完成: 成功 200, 失败 0，已保存
[2026-03-31 08:07:35] [INFO]   ⏸️ 冷却 5 秒（缓解 API Rate Limit）...
[2026-03-31 08:07:41] [INFO]   🔄 开始翻译 Group B (8 种语言)...
[2026-03-31 08:08:36] [INFO]   进度: 5/25, 成功: 40, 失败: 0
[2026-03-31 08:10:11] [INFO]   进度: 10/25, 成功: 80, 失败: 0
[2026-03-31 08:11:26] [INFO]   进度: 15/25, 成功: 120, 失败: 0
[2026-03-31 08:12:54] [INFO]   进度: 20/25, 成功: 160, 失败: 0
[2026-03-31 08:13:56] [INFO]   进度: 25/25, 成功: 200, 失败: 0
[2026-03-31 08:13:59] [INFO]   ✅ Group B 完成: 成功 200, 失败 0，已保存
[2026-03-31 08:14:00] [INFO]   🔄 开始翻译 Group A (8 种语言)...
[2026-03-31 08:14:43] [INFO]   进度: 5/26, 成功: 40, 失败: 0
[2026-03-31 08:15:21] [INFO]   进度: 10/26, 成功: 80, 失败: 0
[2026-03-31 08:15:58] [INFO]   进度: 15/26, 成功: 120, 失败: 0
[2026-03-31 08:16:45] [INFO]   进度: 20/26, 成功: 160, 失败: 0
[2026-03-31 08:17:29] [INFO]   进度: 25/26, 成功: 200, 失败: 0
[2026-03-31 08:17:37] [INFO]   ✅ Group A 完成: 成功 208, 失败 0，已保存
[2026-03-31 08:17:37] [INFO]   ⏸️ 冷却 5 秒（缓解 API Rate Limit）...
[2026-03-31 08:17:42] [INFO]   🔄 开始翻译 Group B (8 种语言)...
[2026-03-31 08:18:37] [INFO]   进度: 5/26, 成功: 40, 失败: 0
[2026-03-31 08:19:32] [INFO]   进度: 10/26, 成功: 80, 失败: 0
[2026-03-31 08:20:29] [INFO]   进度: 15/26, 成功: 120, 失败: 0
[2026-03-31 08:21:33] [INFO]   进度: 20/26, 成功: 160, 失败: 0
[2026-03-31 08:22:39] [INFO]   进度: 25/26, 成功: 200, 失败: 0
[2026-03-31 08:22:50] [INFO]   ✅ Group B 完成: 成功 208, 失败 0，已保存
[2026-03-31 08:22:52] [INFO]   🔄 开始翻译 Group A (8 种语言)...
[2026-03-31 08:23:33] [INFO]   进度: 5/12, 成功: 40, 失败: 0
[2026-03-31 08:24:29] [INFO]   进度: 10/12, 成功: 80, 失败: 0
[2026-03-31 08:24:53] [INFO]   ✅ Group A 完成: 成功 96, 失败 0，已保存
[2026-03-31 08:24:53] [INFO]   ⏸️ 冷却 5 秒（缓解 API Rate Limit）...
[2026-03-31 08:24:58] [INFO]   🔄 开始翻译 Group B (8 种语言)...
[2026-03-31 08:26:05] [INFO]   进度: 5/12, 成功: 40, 失败: 0
[2026-03-31 08:27:39] [INFO]   进度: 10/12, 成功: 80, 失败: 0
[2026-03-31 08:28:22] [INFO]   ✅ Group B 完成: 成功 96, 失败 0，已保存
[2026-03-31 08:28:23] [INFO]   🔄 开始翻译 Group A (8 种语言)...
[2026-03-31 08:29:11] [INFO]   进度: 5/22, 成功: 40, 失败: 0
[2026-03-31 08:29:51] [INFO]   进度: 10/22, 成功: 80, 失败: 0
[2026-03-31 08:30:36] [INFO]   进度: 15/22, 成功: 120, 失败: 0
[2026-03-31 08:31:13] [INFO]   进度: 20/22, 成功: 160, 失败: 0
[2026-03-31 08:31:28] [INFO]   ✅ Group A 完成: 成功 176, 失败 0，已保存
[2026-03-31 08:31:28] [INFO]   ⏸️ 冷却 5 秒（缓解 API Rate Limit）...
[2026-03-31 08:31:33] [INFO]   🔄 开始翻译 Group B (8 种语言)...
[2026-03-31 08:32:36] [INFO]   进度: 5/22, 成功: 40, 失败: 0
[2026-03-31 08:33:24] [INFO]   进度: 10/22, 成功: 80, 失败: 0
[2026-03-31 08:34:21] [INFO]   进度: 15/22, 成功: 120, 失败: 0
[2026-03-31 08:35:12] [INFO]   进度: 20/22, 成功: 160, 失败: 0
[2026-03-31 08:35:38] [INFO]   ✅ Group B 完成: 成功 176, 失败 0，已保存
[2026-03-31 08:35:39] [INFO]   🔄 开始翻译 Group A (8 种语言)...
[2026-03-31 08:36:24] [INFO]   进度: 5/27, 成功: 40, 失败: 0
[2026-03-31 08:37:15] [INFO]   进度: 10/27, 成功: 80, 失败: 0
[2026-03-31 08:37:54] [INFO]   进度: 15/27, 成功: 120, 失败: 0
[2026-03-31 08:38:49] [INFO]   进度: 20/27, 成功: 160, 失败: 0
[2026-03-31 08:39:30] [INFO]   进度: 25/27, 成功: 200, 失败: 0
[2026-03-31 08:39:45] [INFO]   ✅ Group A 完成: 成功 216, 失败 0，已保存
[2026-03-31 08:39:45] [INFO]   ⏸️ 冷却 5 秒（缓解 API Rate Limit）...
[2026-03-31 08:39:50] [INFO]   🔄 开始翻译 Group B (8 种语言)...
[2026-03-31 08:40:54] [INFO]   进度: 5/27, 成功: 40, 失败: 0
[2026-03-31 08:42:34] [INFO]   进度: 10/27, 成功: 80, 失败: 0
[2026-03-31 08:44:11] [INFO]   进度: 15/27, 成功: 120, 失败: 0
[2026-03-31 08:45:27] [INFO]   进度: 20/27, 成功: 160, 失败: 0
[2026-03-31 08:46:26] [INFO]   进度: 25/27, 成功: 200, 失败: 0
[2026-03-31 08:46:47] [INFO]   ✅ Group B 完成: 成功 216, 失败 0，已保存
[2026-03-31 08:46:49] [INFO]   🔄 开始翻译 Group A (8 种语言)...
[2026-03-31 08:47:37] [INFO]   进度: 5/21, 成功: 40, 失败: 0
[2026-03-31 08:48:17] [INFO]   进度: 10/21, 成功: 80, 失败: 0
[2026-03-31 08:49:11] [INFO]   进度: 15/21, 成功: 120, 失败: 0
[2026-03-31 08:49:59] [INFO]   进度: 20/21, 成功: 160, 失败: 0
[2026-03-31 08:50:09] [INFO]   ✅ Group A 完成: 成功 168, 失败 0，已保存
[2026-03-31 08:50:09] [INFO]   ⏸️ 冷却 5 秒（缓解 API Rate Limit）...
[2026-03-31 08:50:15] [INFO]   🔄 开始翻译 Group B (8 种语言)...
[2026-03-31 08:51:43] [INFO]   进度: 5/21, 成功: 40, 失败: 0
[2026-03-31 08:52:44] [INFO]   进度: 10/21, 成功: 80, 失败: 0
[2026-03-31 08:54:29] [INFO]   进度: 15/21, 成功: 120, 失败: 0
[2026-03-31 08:55:58] [INFO]   进度: 20/21, 成功: 160, 失败: 0
[2026-03-31 08:56:18] [INFO]   ✅ Group B 完成: 成功 168, 失败 0，已保存
[2026-03-31 08:56:20] [INFO]   🔄 开始翻译 Group A (8 种语言)...
[2026-03-31 08:57:02] [INFO]   进度: 5/27, 成功: 40, 失败: 0
[2026-03-31 08:57:45] [INFO]   进度: 10/27, 成功: 80, 失败: 0
[2026-03-31 08:58:33] [INFO]   进度: 15/27, 成功: 120, 失败: 0
[2026-03-31 08:59:33] [INFO]   进度: 20/27, 成功: 160, 失败: 0
[2026-03-31 09:00:38] [INFO]   进度: 25/27, 成功: 200, 失败: 0
[2026-03-31 09:01:01] [INFO]   ✅ Group A 完成: 成功 216, 失败 0，已保存
[2026-03-31 09:01:01] [INFO]   ⏸️ 冷却 5 秒（缓解 API Rate Limit）...
[2026-03-31 09:01:06] [INFO]   🔄 开始翻译 Group B (8 种语言)...
[2026-03-31 09:02:25] [INFO]   进度: 5/27, 成功: 40, 失败: 0
[2026-03-31 09:03:42] [INFO]   进度: 10/27, 成功: 80, 失败: 0
[2026-03-31 09:05:08] [INFO]   进度: 15/27, 成功: 120, 失败: 0
[2026-03-31 09:06:34] [INFO]   进度: 20/27, 成功: 160, 失败: 0
[2026-03-31 09:08:35] [INFO]   进度: 25/27, 成功: 200, 失败: 0
[2026-03-31 09:09:20] [INFO]   ✅ Group B 完成: 成功 216, 失败 0，已保存
[2026-03-31 09:09:21] [INFO]   🔄 开始翻译 Group A (8 种语言)...
[2026-03-31 09:09:58] [INFO]   进度: 5/26, 成功: 40, 失败: 0
[2026-03-31 09:10:39] [INFO]   进度: 10/26, 成功: 80, 失败: 0
[2026-03-31 09:11:31] [INFO]   进度: 15/26, 成功: 120, 失败: 0
[2026-03-31 09:12:17] [INFO]   进度: 20/26, 成功: 160, 失败: 0
[2026-03-31 09:13:16] [INFO]   进度: 25/26, 成功: 200, 失败: 0
[2026-03-31 09:13:30] [INFO]   ✅ Group A 完成: 成功 208, 失败 0，已保存
[2026-03-31 09:13:30] [INFO]   ⏸️ 冷却 5 秒（缓解 API Rate Limit）...
[2026-03-31 09:13:35] [INFO]   🔄 开始翻译 Group B (8 种语言)...
[2026-03-31 09:14:37] [INFO]   进度: 5/26, 成功: 40, 失败: 0
[2026-03-31 09:15:38] [INFO]   进度: 10/26, 成功: 80, 失败: 0
[2026-03-31 09:16:59] [INFO]   进度: 15/26, 成功: 120, 失败: 0
[2026-03-31 09:18:22] [INFO]   进度: 20/26, 成功: 160, 失败: 0
[2026-03-31 09:19:41] [INFO]   进度: 25/26, 成功: 200, 失败: 0
[2026-03-31 09:20:08] [INFO]   ✅ Group B 完成: 成功 208, 失败 0，已保存
[2026-03-31 09:20:09] [INFO]   🔄 开始翻译 Group A (8 种语言)...
[2026-03-31 09:20:57] [INFO]   进度: 5/49, 成功: 40, 失败: 0
[2026-03-31 09:21:36] [INFO]   进度: 10/49, 成功: 80, 失败: 0
[2026-03-31 09:22:10] [INFO]   进度: 15/49, 成功: 120, 失败: 0
[2026-03-31 09:22:47] [INFO]   进度: 20/49, 成功: 160, 失败: 0
[2026-03-31 09:23:21] [INFO]   进度: 25/49, 成功: 200, 失败: 0
[2026-03-31 09:24:03] [INFO]   进度: 30/49, 成功: 240, 失败: 0
[2026-03-31 09:24:43] [INFO]   进度: 35/49, 成功: 280, 失败: 0
[2026-03-31 09:25:18] [INFO]   进度: 40/49, 成功: 320, 失败: 0
[2026-03-31 09:25:50] [INFO]   进度: 45/49, 成功: 360, 失败: 0
[2026-03-31 09:26:26] [INFO]   ✅ Group A 完成: 成功 392, 失败 0，已保存
[2026-03-31 09:26:26] [INFO]   ⏸️ 冷却 5 秒（缓解 API Rate Limit）...
[2026-03-31 09:26:31] [INFO]   🔄 开始翻译 Group B (8 种语言)...
[2026-03-31 09:27:37] [INFO]   进度: 5/49, 成功: 40, 失败: 0
[2026-03-31 09:28:18] [INFO]   进度: 10/49, 成功: 80, 失败: 0
[2026-03-31 09:29:00] [INFO]   进度: 15/49, 成功: 120, 失败: 0
[2026-03-31 09:29:47] [INFO]   进度: 20/49, 成功: 160, 失败: 0
[2026-03-31 09:30:27] [INFO]   进度: 25/49, 成功: 200, 失败: 0
[2026-03-31 09:31:15] [INFO]   进度: 30/49, 成功: 240, 失败: 0
[2026-03-31 09:32:01] [INFO]   进度: 35/49, 成功: 280, 失败: 0
[2026-03-31 09:32:47] [INFO]   进度: 40/49, 成功: 320, 失败: 0
[2026-03-31 09:33:31] [INFO]   进度: 45/49, 成功: 360, 失败: 0
[2026-03-31 09:34:33] [INFO]   ✅ Group B 完成: 成功 392, 失败 0，已保存
[2026-03-31 09:34:35] [INFO]   🔄 开始翻译 Group A (8 种语言)...
[2026-03-31 09:35:59] [INFO]   进度: 5/34, 成功: 40, 失败: 0
[2026-03-31 09:37:07] [INFO]   进度: 10/34, 成功: 80, 失败: 0
[2026-03-31 09:38:28] [INFO]   进度: 15/34, 成功: 120, 失败: 0
[2026-03-31 09:39:43] [INFO]   进度: 20/34, 成功: 160, 失败: 0
[2026-03-31 09:41:11] [INFO]   进度: 25/34, 成功: 200, 失败: 0
[2026-03-31 09:42:40] [INFO]   进度: 30/34, 成功: 240, 失败: 0
[2026-03-31 09:43:45] [INFO]   ✅ Group A 完成: 成功 272, 失败 0，已保存
[2026-03-31 09:43:45] [INFO]   ⏸️ 冷却 5 秒（缓解 API Rate Limit）...
[2026-03-31 09:43:50] [INFO]   🔄 开始翻译 Group B (8 种语言)...
[2026-03-31 09:46:16] [INFO]   进度: 5/34, 成功: 40, 失败: 0
[2026-03-31 09:48:40] [INFO]   进度: 10/34, 成功: 80, 失败: 0
[2026-03-31 09:51:01] [INFO]   进度: 15/34, 成功: 120, 失败: 0
[2026-03-31 09:53:24] [INFO]   进度: 20/34, 成功: 160, 失败: 0
[2026-03-31 09:56:57] [INFO]   进度: 25/34, 成功: 200, 失败: 0
[2026-03-31 09:58:50] [INFO]   进度: 30/34, 成功: 240, 失败: 0
[2026-03-31 10:00:53] [INFO]   ✅ Group B 完成: 成功 272, 失败 0，已保存
[2026-03-31 10:00:55] [INFO]   🔄 开始翻译 Group A (8 种语言)...
[2026-03-31 10:02:07] [INFO]   进度: 5/41, 成功: 40, 失败: 0
[2026-03-31 10:03:24] [INFO]   进度: 10/41, 成功: 80, 失败: 0
[2026-03-31 10:04:21] [INFO]   进度: 15/41, 成功: 120, 失败: 0
[2026-03-31 10:05:46] [INFO]   进度: 20/41, 成功: 160, 失败: 0
[2026-03-31 10:06:44] [INFO]   进度: 25/41, 成功: 200, 失败: 0
[2026-03-31 10:07:43] [INFO]   进度: 30/41, 成功: 240, 失败: 0
[2026-03-31 10:09:02] [INFO]   进度: 35/41, 成功: 280, 失败: 0
[2026-03-31 10:10:03] [INFO]   进度: 40/41, 成功: 320, 失败: 0
[2026-03-31 10:10:13] [INFO]   ✅ Group A 完成: 成功 328, 失败 0，已保存
[2026-03-31 10:10:13] [INFO]   ⏸️ 冷却 5 秒（缓解 API Rate Limit）...
[2026-03-31 10:10:18] [INFO]   🔄 开始翻译 Group B (8 种语言)...
[2026-03-31 10:12:38] [INFO]   进度: 5/41, 成功: 40, 失败: 0
[2026-03-31 10:15:19] [INFO]   进度: 10/41, 成功: 80, 失败: 0
[2026-03-31 10:16:59] [INFO]   进度: 15/41, 成功: 120, 失败: 0
[2026-03-31 10:19:31] [INFO]   进度: 20/41, 成功: 160, 失败: 0
[2026-03-31 10:20:59] [INFO]   进度: 25/41, 成功: 200, 失败: 0
[2026-03-31 10:23:13] [INFO]   进度: 30/41, 成功: 240, 失败: 0
[2026-03-31 10:25:19] [INFO]   进度: 35/41, 成功: 280, 失败: 0
[2026-03-31 10:27:09] [INFO]   进度: 40/41, 成功: 320, 失败: 0
[2026-03-31 10:27:21] [INFO]   ✅ Group B 完成: 成功 328, 失败 0，已保存
[2026-03-31 10:27:23] [INFO]   🔄 开始翻译 Group A (8 种语言)...
[2026-03-31 10:28:38] [INFO]   进度: 5/54, 成功: 40, 失败: 0
[2026-03-31 10:29:32] [INFO]   进度: 10/54, 成功: 80, 失败: 0
[2026-03-31 10:30:22] [INFO]   进度: 15/54, 成功: 120, 失败: 0
[2026-03-31 10:31:16] [INFO]   进度: 20/54, 成功: 160, 失败: 0
[2026-03-31 10:32:14] [INFO]   进度: 25/54, 成功: 200, 失败: 0
[2026-03-31 10:33:05] [INFO]   进度: 30/54, 成功: 240, 失败: 0
[2026-03-31 10:34:03] [INFO]   进度: 35/54, 成功: 280, 失败: 0
[2026-03-31 10:34:57] [INFO]   进度: 40/54, 成功: 320, 失败: 0
[2026-03-31 10:35:54] [INFO]   进度: 45/54, 成功: 360, 失败: 0
[2026-03-31 10:36:45] [INFO]   进度: 50/54, 成功: 400, 失败: 0
[2026-03-31 10:37:40] [INFO]   ✅ Group A 完成: 成功 432, 失败 0，已保存
[2026-03-31 10:37:40] [INFO]   ⏸️ 冷却 5 秒（缓解 API Rate Limit）...
[2026-03-31 10:37:45] [INFO]   🔄 开始翻译 Group B (8 种语言)...
[2026-03-31 10:40:13] [INFO]   进度: 5/54, 成功: 40, 失败: 0
[2026-03-31 10:41:58] [INFO]   进度: 10/54, 成功: 80, 失败: 0
[2026-03-31 10:43:25] [INFO]   进度: 15/54, 成功: 120, 失败: 0
[2026-03-31 10:44:45] [INFO]   进度: 20/54, 成功: 160, 失败: 0
[2026-03-31 10:46:09] [INFO]   进度: 25/54, 成功: 200, 失败: 0
[2026-03-31 10:47:59] [INFO]   进度: 30/54, 成功: 240, 失败: 0
[2026-03-31 10:49:36] [INFO]   进度: 35/54, 成功: 280, 失败: 0
[2026-03-31 10:51:10] [INFO]   进度: 40/54, 成功: 320, 失败: 0
[2026-03-31 10:52:55] [INFO]   进度: 45/54, 成功: 360, 失败: 0
[2026-03-31 10:54:30] [INFO]   进度: 50/54, 成功: 400, 失败: 0
[2026-03-31 10:55:47] [INFO]   ✅ Group B 完成: 成功 432, 失败 0，已保存
[2026-03-31 10:55:49] [INFO]   🔄 开始翻译 Group A (8 种语言)...
[2026-03-31 10:57:09] [INFO]   进度: 5/38, 成功: 40, 失败: 0
[2026-03-31 10:58:45] [INFO]   进度: 10/38, 成功: 80, 失败: 0
[2026-03-31 11:00:00] [INFO]   进度: 15/38, 成功: 120, 失败: 0
[2026-03-31 11:01:33] [INFO]   进度: 20/38, 成功: 160, 失败: 0
[2026-03-31 11:02:49] [INFO]   进度: 25/38, 成功: 200, 失败: 0
[2026-03-31 11:04:03] [INFO]   进度: 30/38, 成功: 240, 失败: 0
[2026-03-31 11:05:14] [INFO]   进度: 35/38, 成功: 280, 失败: 0
[2026-03-31 11:05:58] [INFO]   ✅ Group A 完成: 成功 304, 失败 0，已保存
[2026-03-31 11:05:58] [INFO]   ⏸️ 冷却 5 秒（缓解 API Rate Limit）...
[2026-03-31 11:06:03] [INFO]   🔄 开始翻译 Group B (8 种语言)...
[2026-03-31 11:08:16] [INFO]   进度: 5/38, 成功: 40, 失败: 0
[2026-03-31 11:11:11] [INFO]   进度: 10/38, 成功: 80, 失败: 0
[2026-03-31 11:13:28] [INFO]   进度: 15/38, 成功: 120, 失败: 0
[2026-03-31 11:17:03] [INFO]   进度: 20/38, 成功: 160, 失败: 0
[2026-03-31 11:18:52] [INFO]   进度: 25/38, 成功: 200, 失败: 0
[2026-03-31 11:21:54] [INFO]   进度: 30/38, 成功: 240, 失败: 0
[2026-03-31 11:24:03] [INFO]   进度: 35/38, 成功: 280, 失败: 0
[2026-03-31 11:24:56] [INFO]   ✅ Group B 完成: 成功 304, 失败 0，已保存
[2026-03-31 11:24:57] [INFO]   🔄 开始翻译 Group A (8 种语言)...
[2026-03-31 11:26:10] [INFO]   进度: 5/37, 成功: 40, 失败: 0
[2026-03-31 11:27:09] [INFO]   进度: 10/37, 成功: 80, 失败: 0
[2026-03-31 11:28:16] [INFO]   进度: 15/37, 成功: 120, 失败: 0
[2026-03-31 11:29:36] [INFO]   进度: 20/37, 成功: 160, 失败: 0
[2026-03-31 11:30:32] [INFO]   进度: 25/37, 成功: 200, 失败: 0
[2026-03-31 11:31:57] [INFO]   进度: 30/37, 成功: 240, 失败: 0
[2026-03-31 11:32:59] [INFO]   进度: 35/37, 成功: 280, 失败: 0
[2026-03-31 11:33:35] [INFO]   ✅ Group A 完成: 成功 296, 失败 0，已保存
[2026-03-31 11:33:35] [INFO]   ⏸️ 冷却 5 秒（缓解 API Rate Limit）...
[2026-03-31 11:33:40] [INFO]   🔄 开始翻译 Group B (8 种语言)...
[2026-03-31 11:35:10] [INFO]   进度: 5/37, 成功: 40, 失败: 0
[2026-03-31 11:36:53] [INFO]   进度: 10/37, 成功: 80, 失败: 0
[2026-03-31 11:39:02] [INFO]   进度: 15/37, 成功: 120, 失败: 0
[2026-03-31 11:40:53] [INFO]   进度: 20/37, 成功: 160, 失败: 0
[2026-03-31 11:42:44] [INFO]   进度: 25/37, 成功: 200, 失败: 0
[2026-03-31 11:45:50] [INFO]   进度: 30/37, 成功: 240, 失败: 0
[2026-03-31 11:47:27] [INFO]   进度: 35/37, 成功: 280, 失败: 0
[2026-03-31 11:48:18] [INFO]   ✅ Group B 完成: 成功 296, 失败 0，已保存
[2026-03-31 11:48:20] [INFO]   🔄 开始翻译 Group A (8 种语言)...
[2026-03-31 11:49:06] [INFO]   进度: 5/36, 成功: 40, 失败: 0
[2026-03-31 11:49:55] [INFO]   进度: 10/36, 成功: 80, 失败: 0
[2026-03-31 11:50:39] [INFO]   进度: 15/36, 成功: 120, 失败: 0
[2026-03-31 11:51:20] [INFO]   进度: 20/36, 成功: 160, 失败: 0
[2026-03-31 11:52:06] [INFO]   进度: 25/36, 成功: 200, 失败: 0
[2026-03-31 11:52:49] [INFO]   进度: 30/36, 成功: 240, 失败: 0
[2026-03-31 11:53:37] [INFO]   进度: 35/36, 成功: 280, 失败: 0
[2026-03-31 11:53:54] [INFO]   ✅ Group A 完成: 成功 288, 失败 0，已保存
[2026-03-31 11:53:54] [INFO]   ⏸️ 冷却 5 秒（缓解 API Rate Limit）...
[2026-03-31 11:53:59] [INFO]   🔄 开始翻译 Group B (8 种语言)...
[2026-03-31 11:55:01] [INFO]   进度: 5/36, 成功: 40, 失败: 0
[2026-03-31 11:56:01] [INFO]   进度: 10/36, 成功: 80, 失败: 0
[2026-03-31 11:57:03] [INFO]   进度: 15/36, 成功: 120, 失败: 0
[2026-03-31 11:58:08] [INFO]   进度: 20/36, 成功: 160, 失败: 0
[2026-03-31 11:59:02] [INFO]   进度: 25/36, 成功: 200, 失败: 0
[2026-03-31 12:00:07] [INFO]   进度: 30/36, 成功: 240, 失败: 0
[2026-03-31 12:01:12] [INFO]   进度: 35/36, 成功: 280, 失败: 0
[2026-03-31 12:01:33] [INFO]   ✅ Group B 完成: 成功 288, 失败 0，已保存
[2026-03-31 12:01:35] [INFO]   🔄 开始翻译 Group A (8 种语言)...
[2026-03-31 12:02:43] [INFO]   进度: 5/43, 成功: 40, 失败: 0
[2026-03-31 12:04:01] [INFO]   进度: 10/43, 成功: 80, 失败: 0
[2026-03-31 12:05:07] [INFO]   进度: 15/43, 成功: 120, 失败: 0
[2026-03-31 12:06:30] [INFO]   进度: 20/43, 成功: 160, 失败: 0
[2026-03-31 12:07:21] [INFO]   进度: 25/43, 成功: 200, 失败: 0
[2026-03-31 12:08:27] [INFO]   进度: 30/43, 成功: 240, 失败: 0
[2026-03-31 12:09:52] [INFO]   进度: 35/43, 成功: 280, 失败: 0
[2026-03-31 12:11:12] [INFO]   进度: 40/43, 成功: 320, 失败: 0
[2026-03-31 12:11:57] [INFO]   ✅ Group A 完成: 成功 344, 失败 0，已保存
[2026-03-31 12:11:57] [INFO]   ⏸️ 冷却 5 秒（缓解 API Rate Limit）...
[2026-03-31 12:12:02] [INFO]   🔄 开始翻译 Group B (8 种语言)...
[2026-03-31 12:14:10] [INFO]   进度: 5/43, 成功: 40, 失败: 0
[2026-03-31 12:16:19] [WARN] 翻译失败: mn → [TODO_RETRY] (句子9)
[2026-03-31 12:16:22] [WARN] 翻译失败: hi → [TODO_RETRY] (句子9)
[2026-03-31 12:16:25] [WARN] 翻译失败: id → [TODO_RETRY] (句子10)
[2026-03-31 12:16:29] [WARN] 翻译失败: ko → [TODO_RETRY] (句子10)
[2026-03-31 12:16:32] [WARN] 翻译失败: pt → [TODO_RETRY] (句子10)
[2026-03-31 12:16:35] [WARN] 翻译失败: th → [TODO_RETRY] (句子10)
[2026-03-31 12:16:39] [WARN] 翻译失败: uk → [TODO_RETRY] (句子10)
[2026-03-31 12:16:42] [WARN] 翻译失败: bn → [TODO_RETRY] (句子10)
[2026-03-31 12:16:45] [WARN] 翻译失败: mn → [TODO_RETRY] (句子10)
[2026-03-31 12:16:48] [WARN] 翻译失败: hi → [TODO_RETRY] (句子10)
[2026-03-31 12:16:48] [INFO]   进度: 10/43, 成功: 70, 失败: 10
[2026-03-31 12:16:51] [WARN] 翻译失败: id → [TODO_RETRY] (句子11)
[2026-03-31 12:16:55] [WARN] 翻译失败: ko → [TODO_RETRY] (句子11)
[2026-03-31 12:16:58] [WARN] 翻译失败: pt → [TODO_RETRY] (句子11)
[2026-03-31 12:17:01] [WARN] 翻译失败: th → [TODO_RETRY] (句子11)
[2026-03-31 12:17:04] [WARN] 翻译失败: uk → [TODO_RETRY] (句子11)
[2026-03-31 12:17:07] [WARN] 翻译失败: bn → [TODO_RETRY] (句子11)
[2026-03-31 12:17:11] [WARN] 翻译失败: mn → [TODO_RETRY] (句子11)
[2026-03-31 12:17:14] [WARN] 翻译失败: hi → [TODO_RETRY] (句子11)
[2026-03-31 12:17:17] [WARN] 翻译失败: id → [TODO_RETRY] (句子12)
[2026-03-31 12:17:20] [WARN] 翻译失败: ko → [TODO_RETRY] (句子12)
[2026-03-31 12:17:24] [WARN] 翻译失败: pt → [TODO_RETRY] (句子12)
[2026-03-31 12:17:27] [WARN] 翻译失败: th → [TODO_RETRY] (句子12)
[2026-03-31 12:17:30] [WARN] 翻译失败: uk → [TODO_RETRY] (句子12)
[2026-03-31 12:17:34] [WARN] 翻译失败: bn → [TODO_RETRY] (句子12)
[2026-03-31 12:17:37] [WARN] 翻译失败: mn → [TODO_RETRY] (句子12)
[2026-03-31 12:17:40] [WARN] 翻译失败: hi → [TODO_RETRY] (句子12)
[2026-03-31 12:17:43] [WARN] 翻译失败: id → [TODO_RETRY] (句子13)
[2026-03-31 12:17:46] [WARN] 翻译失败: ko → [TODO_RETRY] (句子13)
[2026-03-31 12:17:50] [WARN] 翻译失败: pt → [TODO_RETRY] (句子13)
[2026-03-31 12:17:53] [WARN] 翻译失败: th → [TODO_RETRY] (句子13)
[2026-03-31 12:17:56] [WARN] 翻译失败: uk → [TODO_RETRY] (句子13)
[2026-03-31 12:17:59] [WARN] 翻译失败: bn → [TODO_RETRY] (句子13)
[2026-03-31 12:18:03] [WARN] 翻译失败: mn → [TODO_RETRY] (句子13)
[2026-03-31 12:18:06] [WARN] 翻译失败: hi → [TODO_RETRY] (句子13)
[2026-03-31 12:18:09] [WARN] 翻译失败: id → [TODO_RETRY] (句子14)
[2026-03-31 12:18:12] [WARN] 翻译失败: ko → [TODO_RETRY] (句子14)
[2026-03-31 12:18:15] [WARN] 翻译失败: pt → [TODO_RETRY] (句子14)
[2026-03-31 12:18:18] [WARN] 翻译失败: th → [TODO_RETRY] (句子14)
[2026-03-31 12:18:21] [WARN] 翻译失败: uk → [TODO_RETRY] (句子14)
[2026-03-31 12:18:25] [WARN] 翻译失败: bn → [TODO_RETRY] (句子14)
[2026-03-31 12:18:28] [WARN] 翻译失败: mn → [TODO_RETRY] (句子14)
[2026-03-31 12:18:31] [WARN] 翻译失败: hi → [TODO_RETRY] (句子14)
[2026-03-31 12:18:34] [WARN] 翻译失败: id → [TODO_RETRY] (句子15)
[2026-03-31 12:18:38] [WARN] 翻译失败: ko → [TODO_RETRY] (句子15)
[2026-03-31 12:18:41] [WARN] 翻译失败: pt → [TODO_RETRY] (句子15)
[2026-03-31 12:18:44] [WARN] 翻译失败: th → [TODO_RETRY] (句子15)
[2026-03-31 12:18:47] [WARN] 翻译失败: uk → [TODO_RETRY] (句子15)
[2026-03-31 12:18:53] [WARN] 翻译失败: bn → [TODO_RETRY] (句子15)
[2026-03-31 12:18:57] [WARN] 翻译失败: mn → [TODO_RETRY] (句子15)
[2026-03-31 12:19:00] [WARN] 翻译失败: hi → [TODO_RETRY] (句子15)
[2026-03-31 12:19:00] [INFO]   进度: 15/43, 成功: 70, 失败: 50
[2026-03-31 12:19:03] [WARN] 翻译失败: id → [TODO_RETRY] (句子16)
[2026-03-31 12:19:06] [WARN] 翻译失败: ko → [TODO_RETRY] (句子16)
[2026-03-31 12:19:09] [WARN] 翻译失败: pt → [TODO_RETRY] (句子16)
[2026-03-31 12:19:12] [WARN] 翻译失败: th → [TODO_RETRY] (句子16)
[2026-03-31 12:19:15] [WARN] 翻译失败: uk → [TODO_RETRY] (句子16)
[2026-03-31 12:19:18] [WARN] 翻译失败: bn → [TODO_RETRY] (句子16)
[2026-03-31 12:19:21] [WARN] 翻译失败: mn → [TODO_RETRY] (句子16)
[2026-03-31 12:19:24] [WARN] 翻译失败: hi → [TODO_RETRY] (句子16)
[2026-03-31 12:19:27] [WARN] 翻译失败: id → [TODO_RETRY] (句子17)
[2026-03-31 12:19:30] [WARN] 翻译失败: ko → [TODO_RETRY] (句子17)
[2026-03-31 12:19:33] [WARN] 翻译失败: pt → [TODO_RETRY] (句子17)
[2026-03-31 12:19:36] [WARN] 翻译失败: th → [TODO_RETRY] (句子17)
[2026-03-31 12:19:39] [WARN] 翻译失败: uk → [TODO_RETRY] (句子17)
[2026-03-31 12:19:42] [WARN] 翻译失败: bn → [TODO_RETRY] (句子17)
[2026-03-31 12:19:45] [WARN] 翻译失败: mn → [TODO_RETRY] (句子17)
[2026-03-31 12:19:48] [WARN] 翻译失败: hi → [TODO_RETRY] (句子17)
[2026-03-31 12:19:51] [WARN] 翻译失败: id → [TODO_RETRY] (句子18)
[2026-03-31 12:19:54] [WARN] 翻译失败: ko → [TODO_RETRY] (句子18)
[2026-03-31 12:19:57] [WARN] 翻译失败: pt → [TODO_RETRY] (句子18)
[2026-03-31 12:20:00] [WARN] 翻译失败: th → [TODO_RETRY] (句子18)
[2026-03-31 12:20:03] [WARN] 翻译失败: uk → [TODO_RETRY] (句子18)
[2026-03-31 12:20:06] [WARN] 翻译失败: bn → [TODO_RETRY] (句子18)
[2026-03-31 12:20:09] [WARN] 翻译失败: mn → [TODO_RETRY] (句子18)
[2026-03-31 12:20:12] [WARN] 翻译失败: hi → [TODO_RETRY] (句子18)
[2026-03-31 12:20:15] [WARN] 翻译失败: id → [TODO_RETRY] (句子19)
[2026-03-31 12:21:06] [INFO]   进度: 20/43, 成功: 85, 失败: 75
[2026-03-31 12:22:52] [INFO]   进度: 25/43, 成功: 125, 失败: 75
[2026-03-31 12:24:25] [INFO]   进度: 30/43, 成功: 165, 失败: 75
[2026-03-31 12:27:18] [INFO]   进度: 35/43, 成功: 205, 失败: 75
[2026-03-31 12:29:47] [INFO]   进度: 40/43, 成功: 245, 失败: 75
[2026-03-31 12:31:06] [INFO]   ✅ Group B 完成: 成功 269, 失败 75，已保存
[2026-03-31 12:31:08] [INFO]   🔄 开始翻译 Group A (8 种语言)...
[2026-03-31 12:32:12] [INFO]   进度: 5/39, 成功: 40, 失败: 0
[2026-03-31 12:33:20] [INFO]   进度: 10/39, 成功: 80, 失败: 0
[2026-03-31 12:34:19] [INFO]   进度: 15/39, 成功: 120, 失败: 0
[2026-03-31 12:35:17] [INFO]   进度: 20/39, 成功: 160, 失败: 0
[2026-03-31 12:37:02] [INFO]   进度: 25/39, 成功: 200, 失败: 0
[2026-03-31 12:38:10] [INFO]   进度: 30/39, 成功: 240, 失败: 0
[2026-03-31 12:39:32] [INFO]   进度: 35/39, 成功: 280, 失败: 0
[2026-03-31 12:40:20] [INFO]   ✅ Group A 完成: 成功 312, 失败 0，已保存
[2026-03-31 12:40:20] [INFO]   ⏸️ 冷却 5 秒（缓解 API Rate Limit）...
[2026-03-31 12:40:25] [INFO]   🔄 开始翻译 Group B (8 种语言)...
[2026-03-31 12:42:24] [INFO]   进度: 5/39, 成功: 40, 失败: 0
[2026-03-31 12:44:28] [INFO]   进度: 10/39, 成功: 80, 失败: 0
[2026-03-31 12:46:56] [INFO]   进度: 15/39, 成功: 120, 失败: 0
[2026-03-31 12:48:54] [INFO]   进度: 20/39, 成功: 160, 失败: 0
[2026-03-31 12:52:21] [INFO]   进度: 25/39, 成功: 200, 失败: 0
[2026-03-31 12:54:44] [INFO]   进度: 30/39, 成功: 240, 失败: 0
[2026-03-31 12:57:01] [INFO]   进度: 35/39, 成功: 280, 失败: 0
[2026-03-31 12:58:40] [INFO]   ✅ Group B 完成: 成功 312, 失败 0，已保存
[2026-03-31 12:58:42] [INFO]   🔄 开始翻译 Group A (8 种语言)...
[2026-03-31 12:59:32] [INFO]   进度: 5/46, 成功: 40, 失败: 0
[2026-03-31 13:00:30] [INFO]   进度: 10/46, 成功: 80, 失败: 0
[2026-03-31 13:01:37] [INFO]   进度: 15/46, 成功: 120, 失败: 0
[2026-03-31 13:02:43] [INFO]   进度: 20/46, 成功: 160, 失败: 0
[2026-03-31 13:04:14] [INFO]   进度: 25/46, 成功: 200, 失败: 0
[2026-03-31 13:05:01] [INFO]   进度: 30/46, 成功: 240, 失败: 0
[2026-03-31 13:06:12] [INFO]   进度: 35/46, 成功: 280, 失败: 0
[2026-03-31 13:07:09] [INFO]   进度: 40/46, 成功: 320, 失败: 0
[2026-03-31 13:08:27] [INFO]   进度: 45/46, 成功: 360, 失败: 0
[2026-03-31 13:08:38] [INFO]   ✅ Group A 完成: 成功 368, 失败 0，已保存
[2026-03-31 13:08:38] [INFO]   ⏸️ 冷却 5 秒（缓解 API Rate Limit）...
[2026-03-31 13:08:43] [INFO]   🔄 开始翻译 Group B (8 种语言)...
[2026-03-31 13:10:02] [INFO]   进度: 5/46, 成功: 40, 失败: 0
[2026-03-31 13:11:26] [INFO]   进度: 10/46, 成功: 80, 失败: 0
[2026-03-31 13:13:22] [INFO]   进度: 15/46, 成功: 120, 失败: 0
[2026-03-31 13:14:57] [INFO]   进度: 20/46, 成功: 160, 失败: 0
[2026-03-31 13:17:58] [INFO]   进度: 25/46, 成功: 200, 失败: 0
[2026-03-31 13:19:05] [INFO]   进度: 30/46, 成功: 240, 失败: 0
[2026-03-31 13:20:55] [INFO]   进度: 35/46, 成功: 280, 失败: 0
[2026-03-31 13:22:42] [INFO]   进度: 40/46, 成功: 320, 失败: 0
[2026-03-31 13:25:04] [INFO]   进度: 45/46, 成功: 360, 失败: 0
[2026-03-31 13:25:17] [INFO]   ✅ Group B 完成: 成功 368, 失败 0，已保存
[2026-03-31 13:25:19] [INFO]   🔄 开始翻译 Group A (8 种语言)...
[2026-03-31 13:26:15] [INFO]   进度: 5/33, 成功: 40, 失败: 0
[2026-03-31 13:26:53] [INFO]   进度: 10/33, 成功: 80, 失败: 0
[2026-03-31 13:27:32] [INFO]   进度: 15/33, 成功: 120, 失败: 0
[2026-03-31 13:28:07] [INFO]   进度: 20/33, 成功: 160, 失败: 0
[2026-03-31 13:28:48] [INFO]   进度: 25/33, 成功: 200, 失败: 0
[2026-03-31 13:29:33] [INFO]   进度: 30/33, 成功: 240, 失败: 0
[2026-03-31 13:29:55] [INFO]   ✅ Group A 完成: 成功 264, 失败 0，已保存
[2026-03-31 13:29:55] [INFO]   ⏸️ 冷却 5 秒（缓解 API Rate Limit）...
[2026-03-31 13:30:00] [INFO]   🔄 开始翻译 Group B (8 种语言)...
[2026-03-31 13:31:07] [INFO]   进度: 5/33, 成功: 40, 失败: 0
[2026-03-31 13:32:07] [INFO]   进度: 10/33, 成功: 80, 失败: 0
[2026-03-31 13:33:29] [INFO]   进度: 15/33, 成功: 120, 失败: 0
[2026-03-31 13:34:33] [INFO]   进度: 20/33, 成功: 160, 失败: 0
[2026-03-31 13:35:56] [INFO]   进度: 25/33, 成功: 200, 失败: 0
[2026-03-31 13:37:24] [INFO]   进度: 30/33, 成功: 240, 失败: 0
[2026-03-31 13:37:58] [INFO]   ✅ Group B 完成: 成功 264, 失败 0，已保存
[2026-03-31 13:37:59] [INFO]   🔄 开始翻译 Group A (8 种语言)...
[2026-03-31 13:39:10] [INFO]   进度: 5/39, 成功: 40, 失败: 0
[2026-03-31 13:40:26] [INFO]   进度: 10/39, 成功: 80, 失败: 0
[2026-03-31 13:41:41] [INFO]   进度: 15/39, 成功: 120, 失败: 0
[2026-03-31 13:42:54] [INFO]   进度: 20/39, 成功: 160, 失败: 0
[2026-03-31 13:43:58] [INFO]   进度: 25/39, 成功: 200, 失败: 0
[2026-03-31 13:45:27] [INFO]   进度: 30/39, 成功: 240, 失败: 0
[2026-03-31 13:46:37] [INFO]   进度: 35/39, 成功: 280, 失败: 0
[2026-03-31 13:47:30] [INFO]   ✅ Group A 完成: 成功 312, 失败 0，已保存
[2026-03-31 13:47:30] [INFO]   ⏸️ 冷却 5 秒（缓解 API Rate Limit）...
[2026-03-31 13:47:35] [INFO]   🔄 开始翻译 Group B (8 种语言)...
[2026-03-31 13:49:45] [INFO]   进度: 5/39, 成功: 40, 失败: 0
[2026-03-31 13:51:41] [INFO]   进度: 10/39, 成功: 80, 失败: 0
[2026-03-31 13:54:28] [INFO]   进度: 15/39, 成功: 120, 失败: 0
[2026-03-31 13:56:18] [INFO]   进度: 20/39, 成功: 160, 失败: 0
[2026-03-31 13:58:13] [INFO]   进度: 25/39, 成功: 200, 失败: 0
[2026-03-31 14:00:37] [INFO]   进度: 30/39, 成功: 240, 失败: 0
[2026-03-31 14:02:47] [INFO]   进度: 35/39, 成功: 280, 失败: 0
[2026-03-31 14:04:22] [INFO]   ✅ Group B 完成: 成功 312, 失败 0，已保存
[2026-03-31 14:04:24] [INFO]   🔄 开始翻译 Group A (8 种语言)...
[2026-03-31 14:05:57] [INFO]   进度: 5/37, 成功: 40, 失败: 0
[2026-03-31 14:06:59] [INFO]   进度: 10/37, 成功: 80, 失败: 0
[2026-03-31 14:08:20] [INFO]   进度: 15/37, 成功: 120, 失败: 0
[2026-03-31 14:09:37] [INFO]   进度: 20/37, 成功: 160, 失败: 0
[2026-03-31 14:11:08] [INFO]   进度: 25/37, 成功: 200, 失败: 0
[2026-03-31 14:12:22] [INFO]   进度: 30/37, 成功: 240, 失败: 0
[2026-03-31 14:13:32] [INFO]   进度: 35/37, 成功: 280, 失败: 0
[2026-03-31 14:14:11] [INFO]   ✅ Group A 完成: 成功 296, 失败 0，已保存
[2026-03-31 14:14:12] [INFO]   ⏸️ 冷却 5 秒（缓解 API Rate Limit）...
[2026-03-31 14:14:17] [INFO]   🔄 开始翻译 Group B (8 种语言)...
[2026-03-31 14:17:26] [INFO]   进度: 5/37, 成功: 40, 失败: 0
[2026-03-31 14:19:13] [INFO]   进度: 10/37, 成功: 80, 失败: 0
[2026-03-31 14:21:29] [INFO]   进度: 15/37, 成功: 120, 失败: 0
[2026-03-31 14:23:56] [INFO]   进度: 20/37, 成功: 160, 失败: 0
[2026-03-31 14:27:36] [INFO]   进度: 25/37, 成功: 200, 失败: 0
[2026-03-31 14:29:32] [INFO]   进度: 30/37, 成功: 240, 失败: 0
[2026-03-31 14:31:12] [INFO]   进度: 35/37, 成功: 280, 失败: 0
[2026-03-31 14:32:01] [INFO]   ✅ Group B 完成: 成功 296, 失败 0，已保存
[2026-03-31 14:32:03] [INFO]   🔄 开始翻译 Group A (8 种语言)...
[2026-03-31 14:32:50] [INFO]   进度: 5/64, 成功: 40, 失败: 0
[2026-03-31 14:33:48] [INFO]   进度: 10/64, 成功: 80, 失败: 0
[2026-03-31 14:34:40] [INFO]   进度: 15/64, 成功: 120, 失败: 0
[2026-03-31 14:35:33] [INFO]   进度: 20/64, 成功: 160, 失败: 0
[2026-03-31 14:36:29] [INFO]   进度: 25/64, 成功: 200, 失败: 0
[2026-03-31 14:37:28] [INFO]   进度: 30/64, 成功: 240, 失败: 0
[2026-03-31 14:38:25] [INFO]   进度: 35/64, 成功: 280, 失败: 0
[2026-03-31 14:39:32] [INFO]   进度: 40/64, 成功: 320, 失败: 0
[2026-03-31 14:40:44] [INFO]   进度: 45/64, 成功: 360, 失败: 0
[2026-03-31 14:41:51] [INFO]   进度: 50/64, 成功: 400, 失败: 0
[2026-03-31 14:42:33] [INFO]   进度: 55/64, 成功: 440, 失败: 0
[2026-03-31 14:43:21] [INFO]   进度: 60/64, 成功: 480, 失败: 0
[2026-03-31 14:43:58] [INFO]   ✅ Group A 完成: 成功 512, 失败 0，已保存
[2026-03-31 14:43:58] [INFO]   ⏸️ 冷却 5 秒（缓解 API Rate Limit）...
[2026-03-31 14:44:03] [INFO]   🔄 开始翻译 Group B (8 种语言)...
[2026-03-31 14:45:33] [INFO]   进度: 5/64, 成功: 40, 失败: 0
[2026-03-31 14:47:33] [INFO]   进度: 10/64, 成功: 80, 失败: 0
[2026-03-31 14:48:44] [INFO]   进度: 15/64, 成功: 120, 失败: 0
[2026-03-31 14:50:18] [INFO]   进度: 20/64, 成功: 160, 失败: 0
[2026-03-31 14:51:50] [INFO]   进度: 25/64, 成功: 200, 失败: 0
[2026-03-31 14:54:01] [INFO]   进度: 30/64, 成功: 240, 失败: 0
[2026-03-31 14:55:56] [INFO]   进度: 35/64, 成功: 280, 失败: 0
[2026-03-31 14:57:45] [INFO]   进度: 40/64, 成功: 320, 失败: 0
[2026-03-31 14:59:14] [INFO]   进度: 45/64, 成功: 360, 失败: 0
[2026-03-31 15:00:55] [INFO]   进度: 50/64, 成功: 400, 失败: 0
[2026-03-31 15:01:40] [INFO]   进度: 55/64, 成功: 440, 失败: 0
[2026-03-31 15:03:01] [INFO]   进度: 60/64, 成功: 480, 失败: 0
[2026-03-31 15:03:56] [INFO]   ✅ Group B 完成: 成功 512, 失败 0，已保存
[2026-03-31 15:03:57] [INFO]   🔄 开始翻译 Group A (8 种语言)...
[2026-03-31 15:04:51] [INFO]   进度: 5/15, 成功: 40, 失败: 0
[2026-03-31 15:05:59] [INFO]   进度: 10/15, 成功: 80, 失败: 0
[2026-03-31 15:06:42] [INFO]   进度: 15/15, 成功: 120, 失败: 0
[2026-03-31 15:06:43] [INFO]   ✅ Group A 完成: 成功 120, 失败 0，已保存
[2026-03-31 15:06:43] [INFO]   ⏸️ 冷却 5 秒（缓解 API Rate Limit）...
[2026-03-31 15:06:48] [INFO]   🔄 开始翻译 Group B (8 种语言)...
[2026-03-31 15:08:00] [INFO]   进度: 5/15, 成功: 40, 失败: 0
[2026-03-31 15:09:25] [INFO]   进度: 10/15, 成功: 80, 失败: 0
[2026-03-31 15:10:48] [INFO]   进度: 15/15, 成功: 120, 失败: 0
[2026-03-31 15:10:49] [INFO]   ✅ Group B 完成: 成功 120, 失败 0，已保存
[2026-03-31 15:10:51] [INFO]   🔄 开始翻译 Group A (8 种语言)...
[2026-03-31 15:11:45] [INFO]   进度: 5/30, 成功: 40, 失败: 0
[2026-03-31 15:12:35] [INFO]   进度: 10/30, 成功: 80, 失败: 0
[2026-03-31 15:13:22] [INFO]   进度: 15/30, 成功: 120, 失败: 0
[2026-03-31 15:14:17] [INFO]   进度: 20/30, 成功: 160, 失败: 0
[2026-03-31 15:15:19] [INFO]   进度: 25/30, 成功: 200, 失败: 0
[2026-03-31 15:16:20] [INFO]   进度: 30/30, 成功: 240, 失败: 0
[2026-03-31 15:16:22] [INFO]   ✅ Group A 完成: 成功 240, 失败 0，已保存
[2026-03-31 15:16:22] [INFO]   ⏸️ 冷却 5 秒（缓解 API Rate Limit）...
[2026-03-31 15:16:27] [INFO]   🔄 开始翻译 Group B (8 种语言)...
[2026-03-31 15:17:45] [INFO]   进度: 5/30, 成功: 40, 失败: 0
[2026-03-31 15:19:11] [INFO]   进度: 10/30, 成功: 80, 失败: 0
[2026-03-31 15:20:29] [INFO]   进度: 15/30, 成功: 120, 失败: 0
[2026-03-31 15:22:02] [INFO]   进度: 20/30, 成功: 160, 失败: 0
[2026-03-31 15:23:35] [INFO]   进度: 25/30, 成功: 200, 失败: 0
[2026-03-31 15:25:33] [INFO]   进度: 30/30, 成功: 240, 失败: 0
[2026-03-31 15:25:35] [INFO]   ✅ Group B 完成: 成功 240, 失败 0，已保存
[2026-03-31 15:25:36] [INFO]   🔄 开始翻译 Group A (8 种语言)...
[2026-03-31 15:26:53] [INFO]   进度: 5/39, 成功: 40, 失败: 0
[2026-03-31 15:28:29] [INFO]   进度: 10/39, 成功: 80, 失败: 0
[2026-03-31 15:29:45] [INFO]   进度: 15/39, 成功: 120, 失败: 0
[2026-03-31 15:30:53] [INFO]   进度: 20/39, 成功: 160, 失败: 0
[2026-03-31 15:31:50] [INFO]   进度: 25/39, 成功: 200, 失败: 0
[2026-03-31 15:32:46] [INFO]   进度: 30/39, 成功: 240, 失败: 0
[2026-03-31 15:33:37] [INFO]   进度: 35/39, 成功: 280, 失败: 0
[2026-03-31 15:34:36] [INFO]   ✅ Group A 完成: 成功 312, 失败 0，已保存
[2026-03-31 15:34:36] [INFO]   ⏸️ 冷却 5 秒（缓解 API Rate Limit）...
[2026-03-31 15:34:41] [INFO]   🔄 开始翻译 Group B (8 种语言)...
[2026-03-31 15:38:06] [INFO]   进度: 5/39, 成功: 40, 失败: 0
[2026-03-31 15:41:29] [INFO]   进度: 10/39, 成功: 80, 失败: 0
[2026-03-31 15:44:05] [INFO]   进度: 15/39, 成功: 120, 失败: 0
[2026-03-31 15:46:03] [INFO]   进度: 20/39, 成功: 160, 失败: 0
[2026-03-31 15:47:57] [INFO]   进度: 25/39, 成功: 200, 失败: 0
[2026-03-31 15:49:49] [INFO]   进度: 30/39, 成功: 240, 失败: 0
[2026-03-31 15:51:43] [INFO]   进度: 35/39, 成功: 280, 失败: 0
[2026-03-31 15:53:08] [INFO]   ✅ Group B 完成: 成功 312, 失败 0，已保存
[2026-03-31 15:53:09] [INFO]   🔄 开始翻译 Group A (8 种语言)...
[2026-03-31 15:54:20] [INFO]   进度: 5/46, 成功: 40, 失败: 0
[2026-03-31 15:55:29] [INFO]   进度: 10/46, 成功: 80, 失败: 0
[2026-03-31 15:56:40] [INFO]   进度: 15/46, 成功: 120, 失败: 0
[2026-03-31 15:57:35] [INFO]   进度: 20/46, 成功: 160, 失败: 0
[2026-03-31 15:58:41] [INFO]   进度: 25/46, 成功: 200, 失败: 0
[2026-03-31 16:00:09] [INFO]   进度: 30/46, 成功: 240, 失败: 0
[2026-03-31 16:01:11] [INFO]   进度: 35/46, 成功: 280, 失败: 0
[2026-03-31 16:02:25] [INFO]   进度: 40/46, 成功: 320, 失败: 0
[2026-03-31 16:03:45] [INFO]   进度: 45/46, 成功: 360, 失败: 0
[2026-03-31 16:03:54] [INFO]   ✅ Group A 完成: 成功 368, 失败 0，已保存
[2026-03-31 16:03:54] [INFO]   ⏸️ 冷却 5 秒（缓解 API Rate Limit）...
[2026-03-31 16:03:59] [INFO]   🔄 开始翻译 Group B (8 种语言)...
[2026-03-31 16:06:18] [INFO]   进度: 5/46, 成功: 40, 失败: 0
[2026-03-31 16:08:07] [INFO]   进度: 10/46, 成功: 80, 失败: 0
[2026-03-31 16:09:57] [INFO]   进度: 15/46, 成功: 120, 失败: 0
[2026-03-31 16:11:35] [INFO]   进度: 20/46, 成功: 160, 失败: 0
[2026-03-31 16:13:18] [INFO]   进度: 25/46, 成功: 200, 失败: 0
[2026-03-31 16:15:48] [INFO]   进度: 30/46, 成功: 240, 失败: 0
[2026-03-31 16:17:29] [INFO]   进度: 35/46, 成功: 280, 失败: 0
[2026-03-31 16:20:16] [INFO]   进度: 40/46, 成功: 320, 失败: 0
[2026-03-31 16:23:13] [INFO]   进度: 45/46, 成功: 360, 失败: 0
[2026-03-31 16:23:32] [INFO]   ✅ Group B 完成: 成功 368, 失败 0，已保存
[2026-03-31 16:23:34] [INFO]   🔄 开始翻译 Group A (8 种语言)...
[2026-03-31 16:24:32] [INFO]   进度: 5/62, 成功: 40, 失败: 0
[2026-03-31 16:25:28] [INFO]   进度: 10/62, 成功: 80, 失败: 0
[2026-03-31 16:26:20] [INFO]   进度: 15/62, 成功: 120, 失败: 0
[2026-03-31 16:27:15] [INFO]   进度: 20/62, 成功: 160, 失败: 0
[2026-03-31 16:28:26] [INFO]   进度: 25/62, 成功: 200, 失败: 0
[2026-03-31 16:29:45] [INFO]   进度: 30/62, 成功: 240, 失败: 0
[2026-03-31 16:30:36] [INFO]   进度: 35/62, 成功: 280, 失败: 0
[2026-03-31 16:31:22] [INFO]   进度: 40/62, 成功: 320, 失败: 0
[2026-03-31 16:32:47] [INFO]   进度: 45/62, 成功: 360, 失败: 0
[2026-03-31 16:33:40] [INFO]   进度: 50/62, 成功: 400, 失败: 0
[2026-03-31 16:34:51] [INFO]   进度: 55/62, 成功: 440, 失败: 0
[2026-03-31 16:35:44] [INFO]   进度: 60/62, 成功: 480, 失败: 0
[2026-03-31 16:36:16] [INFO]   ✅ Group A 完成: 成功 496, 失败 0，已保存
[2026-03-31 16:36:16] [INFO]   ⏸️ 冷却 5 秒（缓解 API Rate Limit）...
[2026-03-31 16:36:21] [INFO]   🔄 开始翻译 Group B (8 种语言)...
[2026-03-31 16:37:46] [INFO]   进度: 5/62, 成功: 40, 失败: 0
[2026-03-31 16:38:50] [INFO]   进度: 10/62, 成功: 80, 失败: 0
[2026-03-31 16:39:58] [INFO]   进度: 15/62, 成功: 120, 失败: 0
[2026-03-31 16:41:21] [INFO]   进度: 20/62, 成功: 160, 失败: 0
[2026-03-31 16:43:29] [INFO]   进度: 25/62, 成功: 200, 失败: 0
[2026-03-31 16:45:21] [INFO]   进度: 30/62, 成功: 240, 失败: 0
[2026-03-31 16:47:09] [INFO]   进度: 35/62, 成功: 280, 失败: 0
[2026-03-31 16:48:24] [INFO]   进度: 40/62, 成功: 320, 失败: 0
[2026-03-31 16:49:48] [INFO]   进度: 45/62, 成功: 360, 失败: 0
[2026-03-31 16:51:34] [INFO]   进度: 50/62, 成功: 400, 失败: 0
[2026-03-31 16:53:42] [INFO]   进度: 55/62, 成功: 440, 失败: 0
[2026-03-31 16:55:13] [INFO]   进度: 60/62, 成功: 480, 失败: 0
[2026-03-31 16:56:12] [INFO]   ✅ Group B 完成: 成功 496, 失败 0，已保存
[2026-03-31 16:56:13] [INFO]   🔄 开始翻译 Group A (8 种语言)...
[2026-03-31 16:57:23] [INFO]   进度: 5/29, 成功: 40, 失败: 0
[2026-03-31 16:58:19] [INFO]   进度: 10/29, 成功: 80, 失败: 0
[2026-03-31 16:59:19] [INFO]   进度: 15/29, 成功: 120, 失败: 0
[2026-03-31 17:00:25] [INFO]   进度: 20/29, 成功: 160, 失败: 0
[2026-03-31 17:01:20] [INFO]   进度: 25/29, 成功: 200, 失败: 0
[2026-03-31 17:02:03] [INFO]   ✅ Group A 完成: 成功 232, 失败 0，已保存
[2026-03-31 17:02:03] [INFO]   ⏸️ 冷却 5 秒（缓解 API Rate Limit）...
[2026-03-31 17:02:08] [INFO]   🔄 开始翻译 Group B (8 种语言)...
[2026-03-31 17:04:52] [INFO]   进度: 5/29, 成功: 40, 失败: 0
[2026-03-31 17:06:19] [INFO]   进度: 10/29, 成功: 80, 失败: 0
[2026-03-31 17:07:54] [INFO]   进度: 15/29, 成功: 120, 失败: 0
[2026-03-31 17:09:55] [INFO]   进度: 20/29, 成功: 160, 失败: 0
[2026-03-31 17:11:20] [INFO]   进度: 25/29, 成功: 200, 失败: 0
[2026-03-31 17:12:21] [INFO]   ✅ Group B 完成: 成功 232, 失败 0，已保存
[2026-03-31 17:12:23] [INFO]   🔄 开始翻译 Group A (8 种语言)...
[2026-03-31 17:13:09] [INFO]   进度: 5/56, 成功: 40, 失败: 0
[2026-03-31 17:14:04] [INFO]   进度: 10/56, 成功: 80, 失败: 0
[2026-03-31 17:15:08] [INFO]   进度: 15/56, 成功: 120, 失败: 0
[2026-03-31 17:16:13] [INFO]   进度: 20/56, 成功: 160, 失败: 0
[2026-03-31 17:17:05] [INFO]   进度: 25/56, 成功: 200, 失败: 0
[2026-03-31 17:18:10] [INFO]   进度: 30/56, 成功: 240, 失败: 0
[2026-03-31 17:19:14] [INFO]   进度: 35/56, 成功: 280, 失败: 0
[2026-03-31 17:20:06] [INFO]   进度: 40/56, 成功: 320, 失败: 0
[2026-03-31 17:20:50] [INFO]   进度: 45/56, 成功: 360, 失败: 0
[2026-03-31 17:21:46] [INFO]   进度: 50/56, 成功: 400, 失败: 0
[2026-03-31 17:23:02] [INFO]   进度: 55/56, 成功: 440, 失败: 0
[2026-03-31 17:23:11] [INFO]   ✅ Group A 完成: 成功 448, 失败 0，已保存
[2026-03-31 17:23:11] [INFO]   ⏸️ 冷却 5 秒（缓解 API Rate Limit）...
[2026-03-31 17:23:16] [INFO]   🔄 开始翻译 Group B (8 种语言)...
[2026-03-31 17:24:38] [INFO]   进度: 5/56, 成功: 40, 失败: 0
[2026-03-31 17:26:41] [INFO]   进度: 10/56, 成功: 80, 失败: 0
[2026-03-31 17:28:18] [INFO]   进度: 15/56, 成功: 120, 失败: 0
[2026-03-31 17:29:42] [INFO]   进度: 20/56, 成功: 160, 失败: 0
[2026-03-31 17:31:05] [INFO]   进度: 25/56, 成功: 200, 失败: 0
[2026-03-31 17:32:58] [INFO]   进度: 30/56, 成功: 240, 失败: 0
[2026-03-31 17:34:14] [INFO]   进度: 35/56, 成功: 280, 失败: 0
[2026-03-31 17:36:01] [INFO]   进度: 40/56, 成功: 320, 失败: 0
[2026-03-31 17:37:04] [INFO]   进度: 45/56, 成功: 360, 失败: 0
[2026-03-31 17:38:20] [INFO]   进度: 50/56, 成功: 400, 失败: 0
[2026-03-31 17:40:21] [INFO]   进度: 55/56, 成功: 440, 失败: 0
[2026-03-31 17:40:32] [INFO]   ✅ Group B 完成: 成功 448, 失败 0，已保存
[2026-03-31 17:40:34] [INFO]   🔄 开始翻译 Group A (8 种语言)...
[2026-03-31 17:41:20] [INFO]   进度: 5/33, 成功: 40, 失败: 0
[2026-03-31 17:42:03] [INFO]   进度: 10/33, 成功: 80, 失败: 0
[2026-03-31 17:42:46] [INFO]   进度: 15/33, 成功: 120, 失败: 0
[2026-03-31 17:43:24] [INFO]   进度: 20/33, 成功: 160, 失败: 0
[2026-03-31 17:44:09] [INFO]   进度: 25/33, 成功: 200, 失败: 0
[2026-03-31 17:44:50] [INFO]   进度: 30/33, 成功: 240, 失败: 0
[2026-03-31 17:45:16] [INFO]   ✅ Group A 完成: 成功 264, 失败 0，已保存
[2026-03-31 17:45:16] [INFO]   ⏸️ 冷却 5 秒（缓解 API Rate Limit）...
[2026-03-31 17:45:21] [INFO]   🔄 开始翻译 Group B (8 种语言)...
[2026-03-31 17:46:26] [INFO]   进度: 5/33, 成功: 40, 失败: 0
[2026-03-31 17:47:26] [INFO]   进度: 10/33, 成功: 80, 失败: 0
[2026-03-31 17:48:27] [INFO]   进度: 15/33, 成功: 120, 失败: 0
[2026-03-31 17:49:22] [INFO]   进度: 20/33, 成功: 160, 失败: 0
[2026-03-31 17:50:43] [INFO]   进度: 25/33, 成功: 200, 失败: 0
[2026-03-31 17:51:37] [INFO]   进度: 30/33, 成功: 240, 失败: 0
[2026-03-31 17:52:17] [INFO]   ✅ Group B 完成: 成功 264, 失败 0，已保存
[2026-03-31 17:52:19] [INFO]   🔄 开始翻译 Group A (8 种语言)...
[2026-03-31 17:52:56] [INFO]   进度: 5/21, 成功: 40, 失败: 0
[2026-03-31 17:53:39] [INFO]   进度: 10/21, 成功: 80, 失败: 0
[2026-03-31 17:54:32] [INFO]   进度: 15/21, 成功: 120, 失败: 0
[2026-03-31 17:55:14] [INFO]   进度: 20/21, 成功: 160, 失败: 0
[2026-03-31 17:55:24] [INFO]   ✅ Group A 完成: 成功 168, 失败 0，已保存
[2026-03-31 17:55:24] [INFO]   ⏸️ 冷却 5 秒（缓解 API Rate Limit）...
[2026-03-31 17:55:29] [INFO]   🔄 开始翻译 Group B (8 种语言)...
[2026-03-31 17:56:31] [INFO]   进度: 5/21, 成功: 40, 失败: 0
[2026-03-31 17:57:34] [INFO]   进度: 10/21, 成功: 80, 失败: 0
[2026-03-31 17:58:37] [INFO]   进度: 15/21, 成功: 120, 失败: 0
[2026-03-31 17:59:36] [INFO]   进度: 20/21, 成功: 160, 失败: 0
[2026-03-31 17:59:48] [INFO]   ✅ Group B 完成: 成功 168, 失败 0，已保存
[2026-03-31 17:59:49] [INFO]   🔄 开始翻译 Group A (8 种语言)...
[2026-03-31 18:00:49] [INFO]   进度: 5/32, 成功: 40, 失败: 0
[2026-03-31 18:01:41] [INFO]   进度: 10/32, 成功: 80, 失败: 0
[2026-03-31 18:02:56] [INFO]   进度: 15/32, 成功: 120, 失败: 0
[2026-03-31 18:03:58] [INFO]   进度: 20/32, 成功: 160, 失败: 0
[2026-03-31 18:04:52] [INFO]   进度: 25/32, 成功: 200, 失败: 0
[2026-03-31 18:05:49] [INFO]   进度: 30/32, 成功: 240, 失败: 0
[2026-03-31 18:06:07] [INFO]   ✅ Group A 完成: 成功 256, 失败 0，已保存
[2026-03-31 18:06:07] [INFO]   ⏸️ 冷却 5 秒（缓解 API Rate Limit）...
[2026-03-31 18:06:12] [INFO]   🔄 开始翻译 Group B (8 种语言)...
[2026-03-31 18:07:50] [INFO]   进度: 5/32, 成功: 40, 失败: 0
[2026-03-31 18:09:14] [INFO]   进度: 10/32, 成功: 80, 失败: 0
[2026-03-31 18:10:35] [INFO]   进度: 15/32, 成功: 120, 失败: 0
[2026-03-31 18:11:51] [INFO]   进度: 20/32, 成功: 160, 失败: 0
[2026-03-31 18:13:02] [INFO]   进度: 25/32, 成功: 200, 失败: 0
[2026-03-31 18:14:07] [INFO]   进度: 30/32, 成功: 240, 失败: 0
[2026-03-31 18:14:37] [INFO]   ✅ Group B 完成: 成功 256, 失败 0，已保存
[2026-03-31 18:14:39] [INFO]   🔄 开始翻译 Group A (8 种语言)...
[2026-03-31 18:15:28] [INFO]   进度: 5/25, 成功: 40, 失败: 0
[2026-03-31 18:16:20] [INFO]   进度: 10/25, 成功: 80, 失败: 0
[2026-03-31 18:17:09] [INFO]   进度: 15/25, 成功: 120, 失败: 0
[2026-03-31 18:17:57] [INFO]   进度: 20/25, 成功: 160, 失败: 0
[2026-03-31 18:18:51] [INFO]   进度: 25/25, 成功: 200, 失败: 0
[2026-03-31 18:18:52] [INFO]   ✅ Group A 完成: 成功 200, 失败 0，已保存
[2026-03-31 18:18:52] [INFO]   ⏸️ 冷却 5 秒（缓解 API Rate Limit）...
[2026-03-31 18:18:57] [INFO]   🔄 开始翻译 Group B (8 种语言)...
[2026-03-31 18:19:58] [INFO]   进度: 5/25, 成功: 40, 失败: 0
[2026-03-31 18:22:00] [INFO]   进度: 10/25, 成功: 80, 失败: 0
[2026-03-31 18:23:53] [INFO]   进度: 15/25, 成功: 120, 失败: 0
[2026-03-31 18:25:12] [INFO]   进度: 20/25, 成功: 160, 失败: 0
[2026-03-31 18:27:18] [INFO]   进度: 25/25, 成功: 200, 失败: 0
[2026-03-31 18:27:20] [INFO]   ✅ Group B 完成: 成功 200, 失败 0，已保存
[2026-03-31 18:27:22] [INFO]   🔄 开始翻译 Group A (8 种语言)...
[2026-03-31 18:28:05] [INFO]   进度: 5/31, 成功: 40, 失败: 0
[2026-03-31 18:28:56] [INFO]   进度: 10/31, 成功: 80, 失败: 0
[2026-03-31 18:29:33] [INFO]   进度: 15/31, 成功: 120, 失败: 0
[2026-03-31 18:30:38] [INFO]   进度: 20/31, 成功: 160, 失败: 0
[2026-03-31 18:31:34] [INFO]   进度: 25/31, 成功: 200, 失败: 0
[2026-03-31 18:32:22] [INFO]   进度: 30/31, 成功: 240, 失败: 0
[2026-03-31 18:32:41] [INFO]   ✅ Group A 完成: 成功 248, 失败 0，已保存
[2026-03-31 18:32:41] [INFO]   ⏸️ 冷却 5 秒（缓解 API Rate Limit）...
[2026-03-31 18:32:47] [INFO]   🔄 开始翻译 Group B (8 种语言)...
[2026-03-31 18:33:51] [INFO]   进度: 5/31, 成功: 40, 失败: 0
[2026-03-31 18:35:22] [INFO]   进度: 10/31, 成功: 80, 失败: 0
[2026-03-31 18:37:14] [INFO]   进度: 15/31, 成功: 120, 失败: 0
[2026-03-31 18:39:26] [INFO]   进度: 20/31, 成功: 160, 失败: 0
[2026-03-31 18:40:51] [INFO]   进度: 25/31, 成功: 200, 失败: 0
[2026-03-31 18:42:13] [INFO]   进度: 30/31, 成功: 240, 失败: 0
[2026-03-31 18:42:49] [INFO]   ✅ Group B 完成: 成功 248, 失败 0，已保存
[2026-03-31 18:42:51] [INFO]   🔄 开始翻译 Group A (8 种语言)...
[2026-03-31 18:44:08] [INFO]   进度: 5/39, 成功: 40, 失败: 0
[2026-03-31 18:45:40] [INFO]   进度: 10/39, 成功: 80, 失败: 0
[2026-03-31 18:46:51] [INFO]   进度: 15/39, 成功: 120, 失败: 0
[2026-03-31 18:48:23] [INFO]   进度: 20/39, 成功: 160, 失败: 0
[2026-03-31 18:49:45] [INFO]   进度: 25/39, 成功: 200, 失败: 0
[2026-03-31 18:51:19] [INFO]   进度: 30/39, 成功: 240, 失败: 0
[2026-03-31 18:52:37] [INFO]   进度: 35/39, 成功: 280, 失败: 0
[2026-03-31 18:53:58] [INFO]   ✅ Group A 完成: 成功 312, 失败 0，已保存
[2026-03-31 18:53:58] [INFO]   ⏸️ 冷却 5 秒（缓解 API Rate Limit）...
[2026-03-31 18:54:03] [INFO]   🔄 开始翻译 Group B (8 种语言)...
[2026-03-31 18:56:18] [INFO]   进度: 5/39, 成功: 40, 失败: 0
[2026-03-31 18:58:21] [INFO]   进度: 10/39, 成功: 80, 失败: 0
[2026-03-31 18:59:55] [INFO]   进度: 15/39, 成功: 120, 失败: 0
[2026-03-31 19:02:12] [INFO]   进度: 20/39, 成功: 160, 失败: 0
[2026-03-31 19:05:43] [INFO]   进度: 25/39, 成功: 200, 失败: 0
[2026-03-31 19:07:38] [INFO]   进度: 30/39, 成功: 240, 失败: 0
[2026-03-31 19:09:36] [INFO]   进度: 35/39, 成功: 280, 失败: 0
[2026-03-31 19:12:40] [INFO]   ✅ Group B 完成: 成功 312, 失败 0，已保存
[2026-03-31 19:12:41] [INFO]   🔄 开始翻译 Group A (8 种语言)...
[2026-03-31 19:13:51] [INFO]   进度: 5/17, 成功: 40, 失败: 0
[2026-03-31 19:15:23] [INFO]   进度: 10/17, 成功: 80, 失败: 0
[2026-03-31 19:16:27] [INFO]   进度: 15/17, 成功: 120, 失败: 0
[2026-03-31 19:17:16] [INFO]   ✅ Group A 完成: 成功 136, 失败 0，已保存
[2026-03-31 19:17:16] [INFO]   ⏸️ 冷却 5 秒（缓解 API Rate Limit）...
[2026-03-31 19:17:21] [INFO]   🔄 开始翻译 Group B (8 种语言)...
[2026-03-31 19:19:52] [INFO]   进度: 5/17, 成功: 40, 失败: 0
[2026-03-31 19:22:32] [INFO]   进度: 10/17, 成功: 80, 失败: 0
[2026-03-31 19:25:37] [INFO]   进度: 15/17, 成功: 120, 失败: 0
[2026-03-31 19:26:59] [INFO]   ✅ Group B 完成: 成功 136, 失败 0，已保存
[2026-03-31 19:27:01] [INFO]   🔄 开始翻译 Group A (8 种语言)...
[2026-03-31 19:27:35] [INFO]   进度: 5/117, 成功: 40, 失败: 0
[2026-03-31 19:28:18] [INFO]   进度: 10/117, 成功: 80, 失败: 0
[2026-03-31 19:28:59] [INFO]   进度: 15/117, 成功: 120, 失败: 0
[2026-03-31 19:29:33] [INFO]   进度: 20/117, 成功: 160, 失败: 0
[2026-03-31 19:30:15] [INFO]   进度: 25/117, 成功: 200, 失败: 0
[2026-03-31 19:30:51] [INFO]   进度: 30/117, 成功: 240, 失败: 0
[2026-03-31 19:31:25] [INFO]   进度: 35/117, 成功: 280, 失败: 0
[2026-03-31 19:32:04] [INFO]   进度: 40/117, 成功: 320, 失败: 0
[2026-03-31 19:32:46] [INFO]   进度: 45/117, 成功: 360, 失败: 0
[2026-03-31 19:33:23] [INFO]   进度: 50/117, 成功: 400, 失败: 0
[2026-03-31 19:33:59] [INFO]   进度: 55/117, 成功: 440, 失败: 0
[2026-03-31 19:34:42] [INFO]   进度: 60/117, 成功: 480, 失败: 0
[2026-03-31 19:35:20] [INFO]   进度: 65/117, 成功: 520, 失败: 0
[2026-03-31 19:36:25] [INFO]   进度: 70/117, 成功: 560, 失败: 0
[2026-03-31 19:37:03] [INFO]   进度: 75/117, 成功: 600, 失败: 0
[2026-03-31 19:37:47] [INFO]   进度: 80/117, 成功: 640, 失败: 0
[2026-03-31 19:38:25] [INFO]   进度: 85/117, 成功: 680, 失败: 0
[2026-03-31 19:39:10] [INFO]   进度: 90/117, 成功: 720, 失败: 0
[2026-03-31 19:39:58] [INFO]   进度: 95/117, 成功: 760, 失败: 0
[2026-03-31 19:40:37] [INFO]   进度: 100/117, 成功: 800, 失败: 0
[2026-03-31 19:41:17] [INFO]   进度: 105/117, 成功: 840, 失败: 0
[2026-03-31 19:41:52] [INFO]   进度: 110/117, 成功: 880, 失败: 0
[2026-03-31 19:42:39] [INFO]   进度: 115/117, 成功: 920, 失败: 0
[2026-03-31 19:42:53] [INFO]   ✅ Group A 完成: 成功 936, 失败 0，已保存
[2026-03-31 19:42:53] [INFO]   ⏸️ 冷却 5 秒（缓解 API Rate Limit）...
[2026-03-31 19:42:58] [INFO]   🔄 开始翻译 Group B (8 种语言)...
[2026-03-31 19:43:47] [INFO]   进度: 5/117, 成功: 40, 失败: 0
[2026-03-31 19:44:42] [INFO]   进度: 10/117, 成功: 80, 失败: 0
[2026-03-31 19:45:27] [INFO]   进度: 15/117, 成功: 120, 失败: 0
[2026-03-31 19:46:30] [INFO]   进度: 20/117, 成功: 160, 失败: 0
[2026-03-31 19:47:16] [INFO]   进度: 25/117, 成功: 200, 失败: 0
[2026-03-31 19:48:00] [INFO]   进度: 30/117, 成功: 240, 失败: 0
[2026-03-31 19:48:41] [INFO]   进度: 35/117, 成功: 280, 失败: 0
[2026-03-31 19:49:24] [INFO]   进度: 40/117, 成功: 320, 失败: 0
[2026-03-31 19:50:41] [INFO]   进度: 45/117, 成功: 360, 失败: 0
[2026-03-31 19:51:28] [INFO]   进度: 50/117, 成功: 400, 失败: 0
[2026-03-31 19:53:07] [INFO]   进度: 55/117, 成功: 440, 失败: 0
[2026-03-31 19:54:11] [INFO]   进度: 60/117, 成功: 480, 失败: 0
[2026-03-31 19:55:06] [INFO]   进度: 65/117, 成功: 520, 失败: 0
[2026-03-31 19:56:09] [INFO]   进度: 70/117, 成功: 560, 失败: 0
[2026-03-31 19:57:01] [INFO]   进度: 75/117, 成功: 600, 失败: 0
[2026-03-31 19:57:46] [INFO]   进度: 80/117, 成功: 640, 失败: 0
[2026-03-31 19:58:37] [INFO]   进度: 85/117, 成功: 680, 失败: 0
[2026-03-31 19:59:35] [INFO]   进度: 90/117, 成功: 720, 失败: 0
[2026-03-31 20:01:01] [INFO]   进度: 95/117, 成功: 760, 失败: 0
[2026-03-31 20:02:17] [INFO]   进度: 100/117, 成功: 800, 失败: 0
[2026-03-31 20:03:05] [INFO]   进度: 105/117, 成功: 840, 失败: 0
[2026-03-31 20:03:53] [INFO]   进度: 110/117, 成功: 880, 失败: 0
[2026-03-31 20:05:01] [INFO]   进度: 115/117, 成功: 920, 失败: 0
[2026-03-31 20:05:26] [INFO]   ✅ Group B 完成: 成功 936, 失败 0，已保存
[2026-03-31 20:05:27] [INFO]   🔄 开始翻译 Group A (8 种语言)...
[2026-03-31 20:06:00] [INFO]   进度: 5/22, 成功: 40, 失败: 0
[2026-03-31 20:06:36] [INFO]   进度: 10/22, 成功: 80, 失败: 0
[2026-03-31 20:07:19] [INFO]   进度: 15/22, 成功: 120, 失败: 0
[2026-03-31 20:08:00] [INFO]   进度: 20/22, 成功: 160, 失败: 0
[2026-03-31 20:08:20] [INFO]   ✅ Group A 完成: 成功 176, 失败 0，已保存
[2026-03-31 20:08:20] [INFO]   ⏸️ 冷却 5 秒（缓解 API Rate Limit）...
[2026-03-31 20:08:25] [INFO]   🔄 开始翻译 Group B (8 种语言)...
[2026-03-31 20:09:02] [INFO]   进度: 5/22, 成功: 40, 失败: 0
[2026-03-31 20:09:50] [INFO]   进度: 10/22, 成功: 80, 失败: 0
[2026-03-31 20:10:59] [INFO]   进度: 15/22, 成功: 120, 失败: 0
[2026-03-31 20:12:00] [INFO]   进度: 20/22, 成功: 160, 失败: 0
[2026-03-31 20:12:38] [INFO]   ✅ Group B 完成: 成功 176, 失败 0，已保存
[2026-03-31 20:12:39] [INFO]   🔄 开始翻译 Group A (8 种语言)...
[2026-03-31 20:13:26] [INFO]   进度: 5/28, 成功: 40, 失败: 0
[2026-03-31 20:14:14] [INFO]   进度: 10/28, 成功: 80, 失败: 0
[2026-03-31 20:15:11] [INFO]   进度: 15/28, 成功: 120, 失败: 0
[2026-03-31 20:16:19] [INFO]   进度: 20/28, 成功: 160, 失败: 0
[2026-03-31 20:17:07] [INFO]   进度: 25/28, 成功: 200, 失败: 0
[2026-03-31 20:17:50] [INFO]   ✅ Group A 完成: 成功 224, 失败 0，已保存
[2026-03-31 20:17:50] [INFO]   ⏸️ 冷却 5 秒（缓解 API Rate Limit）...
[2026-03-31 20:17:55] [INFO]   🔄 开始翻译 Group B (8 种语言)...
[2026-03-31 20:18:52] [INFO]   进度: 5/28, 成功: 40, 失败: 0
[2026-03-31 20:19:54] [INFO]   进度: 10/28, 成功: 80, 失败: 0
[2026-03-31 20:21:14] [INFO]   进度: 15/28, 成功: 120, 失败: 0
[2026-03-31 20:22:37] [INFO]   进度: 20/28, 成功: 160, 失败: 0
[2026-03-31 20:23:52] [INFO]   进度: 25/28, 成功: 200, 失败: 0
[2026-03-31 20:24:48] [INFO]   ✅ Group B 完成: 成功 224, 失败 0，已保存
[2026-03-31 20:24:49] [INFO]   🔄 开始翻译 Group A (8 种语言)...
[2026-03-31 20:25:36] [INFO]   进度: 5/33, 成功: 40, 失败: 0
[2026-03-31 20:26:43] [INFO]   进度: 10/33, 成功: 80, 失败: 0
[2026-03-31 20:27:46] [INFO]   进度: 15/33, 成功: 120, 失败: 0
[2026-03-31 20:28:43] [INFO]   进度: 20/33, 成功: 160, 失败: 0
[2026-03-31 20:29:34] [INFO]   进度: 25/33, 成功: 200, 失败: 0
[2026-03-31 20:30:29] [INFO]   进度: 30/33, 成功: 240, 失败: 0
[2026-03-31 20:31:02] [INFO]   ✅ Group A 完成: 成功 264, 失败 0，已保存
[2026-03-31 20:31:02] [INFO]   ⏸️ 冷却 5 秒（缓解 API Rate Limit）...
[2026-03-31 20:31:07] [INFO]   🔄 开始翻译 Group B (8 种语言)...
[2026-03-31 20:32:23] [INFO]   进度: 5/33, 成功: 40, 失败: 0
[2026-03-31 20:33:48] [INFO]   进度: 10/33, 成功: 80, 失败: 0
[2026-03-31 20:35:17] [INFO]   进度: 15/33, 成功: 120, 失败: 0
[2026-03-31 20:36:52] [INFO]   进度: 20/33, 成功: 160, 失败: 0
[2026-03-31 20:38:43] [INFO]   进度: 25/33, 成功: 200, 失败: 0
[2026-03-31 20:40:00] [INFO]   进度: 30/33, 成功: 240, 失败: 0
[2026-03-31 20:40:53] [INFO]   ✅ Group B 完成: 成功 264, 失败 0，已保存
[2026-03-31 20:40:55] [INFO]   🔄 开始翻译 Group A (8 种语言)...
[2026-03-31 20:41:46] [INFO]   进度: 5/25, 成功: 40, 失败: 0
[2026-03-31 20:42:47] [INFO]   进度: 10/25, 成功: 80, 失败: 0
[2026-03-31 20:43:48] [INFO]   进度: 15/25, 成功: 120, 失败: 0
[2026-03-31 20:44:44] [INFO]   进度: 20/25, 成功: 160, 失败: 0
[2026-03-31 20:45:56] [INFO]   进度: 25/25, 成功: 200, 失败: 0
[2026-03-31 20:45:58] [INFO]   ✅ Group A 完成: 成功 200, 失败 0，已保存
[2026-03-31 20:45:58] [INFO]   ⏸️ 冷却 5 秒（缓解 API Rate Limit）...
[2026-03-31 20:46:03] [INFO]   🔄 开始翻译 Group B (8 种语言)...
[2026-03-31 20:47:38] [INFO]   进度: 5/25, 成功: 40, 失败: 0
[2026-03-31 20:48:52] [INFO]   进度: 10/25, 成功: 80, 失败: 0
[2026-03-31 20:50:33] [INFO]   进度: 15/25, 成功: 120, 失败: 0
[2026-03-31 20:51:49] [INFO]   进度: 20/25, 成功: 160, 失败: 0
[2026-03-31 20:54:08] [INFO]   进度: 25/25, 成功: 200, 失败: 0
[2026-03-31 20:54:11] [INFO]   ✅ Group B 完成: 成功 200, 失败 0，已保存
[2026-03-31 20:54:13] [INFO]   🔄 开始翻译 Group A (8 种语言)...
[2026-03-31 20:55:31] [INFO]   进度: 5/44, 成功: 40, 失败: 0
[2026-03-31 20:56:39] [INFO]   进度: 10/44, 成功: 80, 失败: 0
[2026-03-31 20:57:55] [INFO]   进度: 15/44, 成功: 120, 失败: 0
[2026-03-31 20:59:10] [INFO]   进度: 20/44, 成功: 160, 失败: 0
[2026-03-31 21:00:14] [INFO]   进度: 25/44, 成功: 200, 失败: 0
[2026-03-31 21:01:32] [INFO]   进度: 30/44, 成功: 240, 失败: 0
[2026-03-31 21:02:38] [INFO]   进度: 35/44, 成功: 280, 失败: 0
[2026-03-31 21:04:14] [INFO]   进度: 40/44, 成功: 320, 失败: 0
[2026-03-31 21:05:34] [INFO]   ✅ Group A 完成: 成功 352, 失败 0，已保存
[2026-03-31 21:05:34] [INFO]   ⏸️ 冷却 5 秒（缓解 API Rate Limit）...
[2026-03-31 21:05:39] [INFO]   🔄 开始翻译 Group B (8 种语言)...
[2026-03-31 21:08:11] [INFO]   进度: 5/44, 成功: 40, 失败: 0
[2026-03-31 21:10:37] [INFO]   进度: 10/44, 成功: 80, 失败: 0
[2026-03-31 21:13:20] [INFO]   进度: 15/44, 成功: 120, 失败: 0
